Name,BSE Code,NSE Code,ISIN Code,Industry Group,Industry,Current Price,Return on capital employed,Profit after tax,Return on assets,Debt to equity,Return on equity,EPS,Debt,Current ratio,Interest Coverage Ratio,Net worth,Debt Capacity,Debt To Profit,Total Capital Employed,Leverage,Altman Z Score,Financial leverage,Quick ratio,Sales,OPM,Change in promoter holding,Sales last year,Operating profit last year,Other income last year,EBIDT last year,Depreciation last year,EBIT last year,Interest last year,Profit before tax last year,Extraordinary items last year,Equity capital,Preference capital,Reserves,Secured loan,Unsecured loan,Balance sheet total,Current assets,Current liabilities,Operating profit,Interest,Depreciation,EBIT,Net profit,Cash from operations last year,Free cash flow last year,Cash from investing last year,Cash from financing last year,Piotroski score,Debtor days,Days Inventory Outstanding,Cash Conversion Cycle,Contingent liabilities,Market Capitalization
Anand Rathi Wea.,543415,ANANDRATHI,INE463V01026,Capital Markets,Financial Products Distributor,3583.10,57.47,391.43,34.03,0.08,45.30,47.15,83.25,4.12,34.50,1025.06,0.04,0.21,807.59,1.12,39.62,1.12,4.12,1207.77,47.37,0.00,1207.77,572.13,0.05,572.18,29.09,543.09,15.74,527.35,0.00,41.51,0.00,983.55,17.02,66.23,1332.22,828.33,200.92,572.13,15.74,29.09,543.09,391.43,253.71,240.16,88.55,-141.86,8.00,12.51,,12.51,0.00,29747.12
Apcotex Industri,523694,APCOTEXIND,INE116A01032,Industrial Products,Rubber,488.40,19.88,100.70,10.14,0.16,17.15,19.56,96.40,1.66,12.94,620.99,0.15,0.95,572.41,1.60,7.17,1.60,1.23,1441.50,12.31,0.00,1441.50,177.41,18.21,194.65,49.56,145.09,11.21,134.85,0.97,10.37,0.00,610.62,184.79,4.55,986.49,495.39,298.10,177.41,11.21,49.56,145.09,101.41,203.44,165.23,-57.41,-140.89,9.00,61.91,47.26,41.16,124.04,2532.11
APL Apollo Tubes,533758,APLAPOLLO,INE702C01027,Industrial Products,Iron & Steel Products,1890.20,31.64,1203.08,14.65,0.09,25.31,43.33,497.65,1.34,13.42,5296.53,0.08,0.41,5373.90,1.55,13.72,1.55,0.84,23079.00,7.81,-0.02,23079.00,1801.82,111.85,1913.67,230.92,1682.75,125.37,1557.38,0.00,55.54,0.00,5240.99,580.71,53.72,8833.30,3854.14,2868.95,1801.82,125.37,230.92,1682.75,1203.08,2103.19,1451.18,-1393.76,-438.40,8.00,5.55,27.04,-11.72,648.39,52482.99
Apollo Hospitals,508869,APOLLOHOSP,INE437A01024,Healthcare Services,Hospital,8082.50,16.64,1816.05,7.77,0.88,18.42,125.32,7987.20,1.64,6.56,9093.30,0.01,5.31,15340.80,2.28,10.76,2.28,1.53,24215.20,14.57,0.00,21794.00,3033.20,221.90,3184.00,757.50,2426.50,458.50,2039.10,71.10,71.90,2445.10,9021.40,2813.40,2605.80,21950.00,7815.90,4763.50,3528.00,445.30,862.70,2919.40,1865.80,2136.40,438.60,-3380.60,1316.80,8.00,50.51,15.52,-6.28,1010.40,116213.95
Arrow Greentech,516064,ARROWGREEN,INE570D01018,Industrial Products,Packaging,482.95,53.25,51.39,35.18,0.01,39.57,34.06,2.60,10.77,201.14,211.69,0.24,0.04,208.60,0.94,8.93,0.94,9.40,216.02,32.52,0.02,243.35,88.62,5.26,92.79,7.40,85.39,0.48,86.00,1.09,15.09,0.00,196.60,0.00,0.67,236.45,185.19,17.19,70.25,0.35,7.76,70.40,51.34,67.57,60.83,-54.58,-3.92,9.00,43.96,65.90,80.87,31.92,728.67
ASM Technologies,526433,,INE867C01010,IT - Software,Computers - Software & Consulting,2984.50,27.56,61.92,15.68,0.42,26.23,41.65,127.68,2.61,10.71,307.04,0.01,2.10,310.60,1.29,16.81,1.29,2.00,528.52,19.02,0.00,528.52,100.54,6.38,108.53,13.97,94.56,8.83,84.12,-1.61,14.59,0.00,292.45,92.78,-6.52,502.92,298.13,114.18,100.54,8.83,13.97,94.56,60.76,68.00,-25.17,-165.56,101.58,8.00,79.92,204.01,201.80,22.41,4353.39
Auto.Corp.of Goa,505036,,INE451C01013,Auto Components,Auto Components & Equipments,1937.40,29.67,72.33,15.65,0.03,25.73,114.79,9.52,2.66,750.46,308.59,0.26,0.14,320.02,1.50,8.38,1.50,2.16,933.65,9.18,-0.79,933.65,85.73,14.21,103.23,5.67,97.56,0.13,94.14,-3.29,6.09,0.00,302.50,0.00,85.74,458.81,359.65,135.05,85.73,0.13,5.67,97.56,69.89,136.17,99.38,40.84,-91.57,9.00,24.52,37.84,1.53,8.30,1179.61
Axtel Industries,523850,,INE767C01012,Industrial Manufacturing,Industrial Products,442.95,33.69,31.16,15.45,0.00,25.21,19.29,0.00,2.09,166.60,124.65,0.26,0.00,125.13,1.62,8.31,1.62,1.71,223.77,18.18,0.00,223.77,40.69,5.93,46.62,4.97,41.65,0.25,41.40,0.00,16.15,0.00,108.50,0.00,0.00,215.64,178.77,85.37,40.69,0.25,4.97,41.65,31.16,51.06,43.20,-27.67,-29.33,9.00,73.61,127.50,76.23,22.42,715.58
Bajaj Consumer,533229,BAJAJCON,INE933K01021,Personal Products,Personal Care,537.45,30.60,190.18,20.60,0.02,25.31,14.56,15.80,3.49,144.71,754.98,0.11,0.08,758.49,1.22,15.60,1.22,3.11,1164.71,18.97,0.00,1164.71,220.92,27.41,248.33,15.35,232.98,1.61,231.37,0.00,13.06,0.00,741.92,0.00,4.17,945.13,607.49,173.98,220.92,1.61,15.35,232.98,190.18,196.92,163.44,-14.45,-196.49,8.00,23.70,52.49,42.49,9.32,7020.08
Bharat Electron,500049,BEL,INE263A01024,Aerospace & Defense,Aerospace & Defense,423.65,38.88,5963.82,13.21,0.00,29.22,8.16,58.89,1.82,729.86,21566.87,0.06,0.01,21173.27,2.01,13.94,2.01,1.31,26535.27,29.71,0.00,23768.75,6836.55,742.36,7555.83,467.38,7088.45,12.53,7099.00,23.08,730.98,0.00,20835.89,0.00,61.23,42924.52,36692.87,20197.72,7883.74,10.98,520.30,8013.86,5962.93,586.62,-421.61,616.94,-1696.43,8.00,139.99,273.14,313.14,3015.10,309678.78
Bharat Seats,523229,BHARATSE,INE415D01024,Auto Components,Auto Components & Equipments,189.59,20.16,43.24,6.25,0.48,20.39,6.72,110.10,0.88,6.80,229.66,0.09,2.61,317.59,3.01,5.90,3.01,0.73,1950.95,5.08,0.00,1950.95,99.16,3.91,104.44,35.29,69.15,10.17,57.61,-1.37,12.56,0.00,217.10,40.33,111.52,736.65,355.58,405.57,99.16,10.17,35.29,69.15,42.23,106.71,58.88,-47.20,-47.15,8.00,49.29,13.09,-6.90,65.52,1190.63
Bharti Hexacom,544162,BHARTIHEXA,INE343G01021,Telecom - Services,Telecom - Cellular & Fixed line services,1562.30,21.82,1758.85,9.18,0.86,26.86,34.66,6137.30,0.38,4.83,7165.20,0.08,3.54,10819.90,2.67,7.85,2.67,0.38,9353.80,52.28,0.00,9353.80,4890.40,190.10,5114.20,2213.20,2901.00,601.20,2266.10,-33.70,250.00,0.00,6915.20,0.00,7352.80,19050.60,2225.00,5919.60,4890.40,601.20,2213.20,2901.00,1733.20,4464.00,3026.30,-2010.20,-2437.90,9.00,4.23,,4.23,155.70,78115.00
Borosil Renew.,502219,BORORENEW,INE666D01022,Industrial Products,Glass - Industrial,500.20,25.31,327.37,19.86,0.11,26.10,9.21,162.14,4.76,26.09,1510.83,,1.27,1448.14,1.09,9.31,1.09,4.14,1555.84,28.31,0.00,1555.84,440.44,-188.47,465.38,95.39,369.99,14.18,142.40,-213.41,14.02,0.00,1496.81,250.67,1.03,1824.89,919.19,192.98,440.44,14.18,95.39,369.99,127.39,423.09,226.23,-735.98,323.36,8.00,28.46,115.05,95.79,73.60,7016.96
Britannia Inds.,500825,BRITANNIA,INE216A01030,Food Products,Packaged Foods,5406.00,56.02,2533.49,27.33,0.27,53.55,105.18,1380.28,1.12,30.17,5106.56,0.07,0.54,3386.63,1.82,25.33,1.82,0.80,19151.59,18.35,0.00,19151.59,3514.34,224.03,3738.37,336.83,3401.54,112.76,3288.78,0.00,24.09,0.00,5082.47,8.22,1238.29,9731.94,4677.66,4179.99,3514.34,112.76,336.83,3401.54,2537.01,2611.60,2408.15,-757.27,-1782.62,8.00,8.94,44.13,-9.11,79.47,130213.40
Butterfly Gan Ap,517421,BUTTERFLY,INE295F01017,Consumer Durables,Household Appliances,711.60,18.02,46.78,9.09,0.02,13.41,25.53,7.65,2.10,36.11,372.26,0.23,0.17,351.35,1.38,7.07,1.38,1.30,943.15,8.51,0.00,943.15,80.28,6.72,88.59,23.95,64.64,1.79,61.26,-1.59,17.88,0.00,354.38,0.00,12.24,559.22,378.89,180.33,80.28,1.79,23.95,64.64,45.64,88.37,76.18,-76.76,-8.27,9.00,23.43,91.21,47.94,2.84,1272.34
C P C L,500110,CHENNPETRO,INE178A01016,Petroleum Products,Refineries & Marketing,1009.00,35.11,3102.70,16.71,0.18,32.13,208.36,1964.16,1.62,35.67,11109.21,0.55,0.63,12029.52,1.67,6.13,1.67,0.50,63640.06,7.48,0.00,63640.06,4757.14,135.37,4892.51,609.97,4282.54,120.07,4162.47,0.00,148.91,0.00,10960.30,183.09,2934.34,20034.62,11727.95,7226.24,4757.14,120.07,609.97,4282.54,3102.70,2944.96,2045.05,-929.77,-1294.12,8.00,1.35,52.84,28.97,720.28,15025.16
Carraro India,544320,CARRARO,INE0V7W01012,Auto Components,Auto Components & Equipments,570.05,21.84,116.38,7.88,0.34,19.97,19.36,169.55,1.49,8.79,504.30,0.05,1.97,621.40,2.30,7.46,2.30,0.89,2076.57,9.40,0.00,1792.15,166.15,15.76,181.02,43.47,137.55,22.42,116.02,0.89,56.85,0.00,447.45,128.44,61.02,1184.71,745.66,500.16,195.14,19.95,44.37,175.33,110.09,94.54,43.35,-75.62,-58.62,8.00,58.43,83.00,44.09,207.23,3240.82
CCL Products,519600,CCL,INE421D01022,Agricultural Food & other Products,Tea & Coffee,1116.30,15.82,388.10,9.06,0.56,18.00,29.07,1324.36,1.49,4.58,2344.56,-0.01,3.41,2754.24,1.83,7.95,1.83,0.79,4457.37,16.44,0.00,4457.37,732.94,8.43,741.37,151.93,589.44,128.75,460.69,0.00,26.71,0.00,2317.85,1812.61,2.17,4326.29,2209.27,1485.83,732.94,128.75,151.93,589.44,388.10,858.29,788.49,-69.62,-756.92,8.00,66.89,130.99,165.99,83.86,14905.72
Cemindia Project,509496,CEMPRO,INE686A01026,Construction,Civil Construction,899.55,33.83,597.73,8.80,0.38,28.24,34.79,904.91,1.25,4.80,2399.59,0.09,1.51,2312.89,2.83,6.05,2.83,1.08,10060.58,10.15,0.00,10060.58,1021.56,176.96,1198.52,165.89,1032.63,215.01,817.62,0.00,17.18,0.00,2382.41,874.37,86.88,7086.45,5630.54,4507.20,1021.56,215.01,165.89,1032.63,597.73,499.78,273.62,-148.99,-242.52,8.00,46.97,81.69,-109.54,1699.10,15453.15
Chalet Hotels,542399,CHALET,INE427F01016,Leisure Services,Hotels & Resorts,784.65,17.07,645.91,8.98,0.64,19.15,29.46,2367.67,0.70,5.54,3697.79,-0.01,3.67,5442.33,1.95,5.24,1.95,0.49,2769.75,42.87,-0.05,2769.75,1187.41,41.65,1230.08,229.95,1000.13,180.45,818.66,-1.02,218.99,0.00,3478.80,2475.72,53.97,7308.63,903.13,1286.64,1187.41,180.45,229.95,1000.13,645.02,950.39,-13.56,-1354.91,495.59,8.00,9.06,173.53,76.35,46.07,17183.37
Credo Brands,544058,MUFTI,INE220Q01020,Retailing,Speciality Retail,77.40,19.07,47.03,9.36,0.58,18.41,7.04,241.81,3.55,3.48,416.07,0.14,3.53,590.78,1.80,3.39,1.80,2.66,583.01,26.38,0.00,618.18,181.09,4.79,187.02,68.57,118.45,25.48,91.83,-1.14,13.07,0.00,403.00,1.42,235.57,776.99,422.27,118.99,153.78,25.61,74.16,89.13,46.02,159.12,137.92,-19.70,-95.83,8.00,141.19,140.63,246.46,7.97,505.96
Cummins India,500480,CUMMINSIND,INE298A01020,Industrial Products,"Compressors, Pumps & Diesel Engines",5392.00,36.32,2329.11,20.85,0.00,28.15,80.87,24.35,3.16,199.98,7895.05,0.05,0.01,7461.37,1.27,26.37,1.27,2.66,11602.39,21.36,0.00,10390.69,2080.04,713.69,2787.52,185.07,2602.45,15.85,2592.81,6.21,55.44,0.00,7839.61,0.00,29.66,10540.24,7352.70,2329.53,2477.99,15.27,193.96,3053.75,2241.79,1684.86,1454.93,-580.04,-1167.96,8.00,80.01,55.57,48.85,98.80,149466.24
Data Pattern,543428,DATAPATTNS,INE0IX101010,Aerospace & Defense,Aerospace & Defense,3876.50,23.28,273.62,14.52,0.00,16.87,48.47,5.27,10.45,30.44,1735.97,0.02,0.02,1662.23,1.09,21.21,1.09,8.50,924.77,40.44,0.00,924.77,373.99,24.95,401.95,22.95,379.00,12.45,363.54,-3.01,11.20,0.00,1724.77,0.00,6.17,1929.22,1468.21,140.44,373.99,12.45,22.95,379.00,271.37,80.15,8.09,-3.21,-57.73,8.00,287.25,294.12,498.89,535.43,21702.19
Deepak Fertilis.,500645,DEEPAKFERT,INE501A01019,Chemicals & Petrochemicals,Commodity Chemicals,1318.50,15.67,875.10,7.47,0.68,15.56,69.32,4440.15,1.44,4.25,6514.59,0.00,4.70,10084.59,1.99,3.59,1.99,0.97,11162.00,16.21,0.00,10274.42,1924.79,80.75,1981.14,403.33,1577.81,412.92,1189.29,24.40,126.24,0.00,6388.35,3781.36,371.01,15026.49,5382.40,3739.39,1809.79,360.32,426.79,1529.56,877.23,1879.66,763.09,-1061.51,-688.97,8.00,57.45,58.49,22.17,1871.10,16644.46
Dynamic Cables,540795,DYCL,INE600Y01019,Industrial Products,Cables - Electricals,307.95,26.69,84.44,13.28,0.09,20.32,17.43,43.10,2.52,10.85,457.24,0.10,0.51,458.07,1.39,7.37,1.39,1.72,1197.82,10.82,0.00,1197.82,129.56,6.75,136.31,11.77,124.54,11.48,113.06,0.00,48.46,0.00,408.78,50.10,8.76,682.66,544.90,216.03,129.56,11.48,11.77,124.54,84.44,61.59,4.40,-31.68,-29.90,8.00,87.72,65.42,92.81,172.08,1492.28
eClerx Services,532927,ECLERX,INE738I01010,Commercial Services & Supplies,Business Process Outsourcing (BPO)/ Knowledge Process Outsourcing (KPO),1483.10,34.81,706.21,20.67,0.15,29.02,75.09,384.96,3.40,23.19,2561.40,0.18,0.54,2758.40,1.33,9.54,1.33,3.40,4117.03,25.54,0.71,4117.03,1051.45,101.18,1152.63,175.37,977.26,42.14,935.12,0.00,92.03,0.00,2469.37,0.00,358.13,3697.02,2406.32,706.78,1051.45,42.14,175.37,977.26,706.47,873.47,755.59,-140.82,-621.57,8.00,59.08,,59.08,28.66,13948.66
Effwa Infra,,EFFWA,INE0U9101019,Other Utilities,Waste Management,254.00,29.26,28.62,16.46,0.31,26.21,12.36,38.00,2.92,11.53,123.50,0.01,1.33,137.10,1.41,8.30,1.41,2.91,253.29,16.62,0.00,253.29,42.10,0.00,42.10,0.25,41.85,3.63,38.22,0.00,23.15,0.00,100.35,0.17,29.54,198.09,177.67,60.92,42.10,3.63,0.25,41.85,28.62,29.43,29.18,-20.02,5.00,8.00,185.48,,185.48,0.00,587.94
EIH,500840,EIHOTEL,INE230A01023,Leisure Services,Hotels & Resorts,316.10,23.43,759.43,14.70,0.05,17.95,10.29,250.08,3.00,48.75,4705.81,0.12,0.32,4631.65,1.18,7.80,1.18,2.88,2871.86,36.23,0.00,2743.15,1028.24,155.56,1223.15,134.47,1088.68,21.35,1027.98,-39.35,125.07,0.00,4580.74,0.00,265.06,5896.54,1576.27,525.68,1040.60,22.82,137.57,1112.38,669.81,825.08,346.05,-423.65,-112.82,9.00,31.87,88.12,-290.36,50.52,19767.76
EIH Assoc.Hotels,523127,EIHAHOTELS,INE276C01014,Leisure Services,Hotels & Resorts,317.50,25.70,98.60,15.84,0.01,19.24,15.72,4.12,3.87,282.91,523.67,0.22,0.04,527.53,1.13,7.67,1.13,3.67,396.45,32.73,0.00,408.24,128.08,12.81,146.68,17.19,129.49,0.42,123.28,-5.79,60.94,0.00,462.73,0.00,4.27,640.68,280.83,72.63,129.75,0.47,16.77,132.97,95.82,108.75,81.43,-88.95,-19.01,8.00,23.63,,23.63,11.02,1934.73
Elgi Equipments,522074,ELGIEQUIP,INE285A01027,Industrial Products,"Compressors, Pumps & Diesel Engines",523.25,21.91,414.88,11.93,0.26,20.06,12.75,527.60,2.12,21.92,2008.00,0.07,1.51,1900.10,1.57,11.51,1.57,1.51,3831.00,14.48,0.00,3510.40,528.90,63.20,590.00,76.00,514.00,34.50,481.60,2.10,31.70,0.00,1976.30,352.50,224.70,3176.90,2249.40,1062.60,554.80,27.20,80.30,596.10,404.20,390.90,297.70,-282.90,-217.10,8.00,63.26,129.32,121.03,3.80,16582.26
Emami,531162,EMAMILTD,INE548C01032,Personal Products,Personal Care,428.05,32.42,803.39,22.73,0.02,30.18,18.20,71.96,2.74,83.33,2930.83,0.19,0.09,2115.56,1.26,11.49,1.26,2.14,3817.46,25.98,0.00,3809.19,1013.50,67.92,1043.04,178.21,864.83,9.34,893.87,38.38,43.65,0.00,2887.18,61.78,28.01,3671.05,1858.45,678.52,991.87,10.76,178.62,896.61,794.26,895.86,852.43,-344.59,-499.61,9.00,43.24,94.17,4.27,5.82,18684.38
Escorts Kubota,500495,ESCORTS,INE042A01014,"Agricultural, Commercial & Construction Vehicles",Tractors,3000.20,15.72,1348.70,9.34,0.01,11.86,213.99,161.89,3.26,88.48,12372.83,0.33,0.07,9340.67,1.17,6.13,1.17,2.78,11540.26,12.97,0.00,11540.26,1496.36,1617.52,2062.72,255.06,1807.66,20.43,2838.39,1051.16,111.88,0.00,12260.95,2.25,102.93,15799.36,10091.04,3095.50,1496.36,20.43,255.06,1807.66,2394.05,1381.16,1068.61,-1128.16,-419.64,8.00,38.03,66.88,5.28,726.43,33565.56
Excelsoft Tech.,544617,EXCELSOFT,INE606N01019,IT - Services,IT Enabled Services,88.62,16.40,34.70,7.78,0.12,10.38,3.47,44.89,4.85,14.04,402.69,0.38,1.29,406.01,1.20,6.06,1.20,4.85,233.29,31.43,0.00,233.29,73.32,15.45,88.79,24.65,64.14,4.57,59.55,-0.02,115.08,0.00,287.61,26.59,8.54,489.92,347.14,71.55,73.32,4.57,24.65,64.14,34.69,52.61,290.49,7.47,-56.47,8.00,79.97,,79.97,306.55,1019.88
Federal-Mogul Go,505744,FMGOETZE,INE529A01010,Auto Components,Auto Components & Equipments,436.15,19.60,189.87,10.45,0.00,14.05,32.52,2.05,3.16,39.36,1359.76,0.47,0.01,1389.38,1.32,5.22,1.32,2.64,1928.57,16.48,0.00,1800.19,293.51,35.54,336.54,87.49,249.05,6.69,234.87,-7.49,55.63,0.00,1304.13,0.00,3.03,1852.40,1258.72,398.93,317.81,7.07,88.29,278.30,188.62,220.69,174.50,-16.92,-11.78,9.00,67.64,103.13,1.13,104.30,2426.30
Fermenta Biotec.,506414,FERMENTA,INE225B01021,Pharmaceuticals & Biotechnology,Pharmaceuticals,292.65,22.97,88.47,13.87,0.29,24.88,29.55,111.89,1.50,9.87,390.65,0.22,1.46,357.19,1.60,4.58,1.60,0.88,543.69,21.48,0.00,467.51,115.46,6.86,127.28,24.22,103.06,14.89,83.21,-4.96,14.44,0.00,376.21,109.40,5.54,651.40,336.04,223.82,116.79,11.71,22.45,115.55,84.97,40.90,38.02,-0.16,-50.87,8.00,74.35,306.19,188.65,1.63,861.30
Fiem Industries,532768,FIEMIND,INE737H01014,Auto Components,Auto Components & Equipments,2168.20,27.80,240.55,15.29,0.06,20.99,92.48,61.53,2.38,214.57,1080.34,0.12,0.30,1128.50,1.27,9.61,1.27,1.75,2703.78,13.74,0.00,2422.61,322.19,19.87,338.12,64.26,273.86,1.54,276.26,3.94,26.32,0.00,1054.02,0.00,22.09,1567.31,941.58,395.49,371.58,1.50,71.39,321.86,243.41,233.06,131.51,-85.56,-55.21,9.00,36.51,56.72,37.23,87.68,5706.63
Firstsour.Solu.,532809,FSL,INE684F01012,Commercial Services & Supplies,Business Process Outsourcing (BPO)/ Knowledge Process Outsourcing (KPO),237.60,16.17,751.06,8.80,0.67,17.71,9.54,2921.90,0.79,6.22,4384.53,0.00,4.33,4880.52,1.95,4.88,1.95,0.79,9556.39,16.28,0.00,9556.39,1556.18,-90.78,1563.63,434.09,1129.54,181.47,849.84,-98.23,696.99,0.00,3687.54,0.00,2569.26,9320.04,2762.29,3478.52,1556.18,181.47,434.09,1129.54,674.42,1213.98,1081.57,-452.36,-666.78,8.00,79.39,,79.39,212.49,16798.99
Force Motors,500033,FORCEMOT,INE451A01017,Automobiles,Passenger Cars & Utility Vehicles,20356.00,36.08,1056.51,18.11,0.00,29.23,919.55,0.00,1.87,401.14,4194.35,0.12,0.00,4245.15,1.39,9.84,1.39,1.26,9057.05,16.38,0.00,9057.05,1483.15,321.81,1593.72,285.99,1307.73,3.26,1515.71,211.24,13.18,0.00,4181.17,17.43,0.00,6537.55,3831.62,2044.22,1483.15,3.26,285.99,1307.73,1211.75,1297.09,760.75,-899.84,-73.40,8.00,7.70,71.69,20.11,118.28,26821.60
Frontier Springs,522195,FRONTSP,INE572D01014,Auto Components,Auto Components & Equipments,1573.90,41.56,56.39,23.35,0.04,32.04,47.79,6.54,4.59,272.25,155.37,0.04,0.19,131.79,1.18,21.05,1.18,2.48,309.59,25.69,0.00,231.32,50.02,0.98,50.34,4.01,46.33,0.59,46.40,0.66,3.96,0.00,151.41,4.06,1.88,182.27,88.06,19.18,79.52,0.28,4.26,76.23,56.39,22.11,7.50,-20.46,1.28,8.00,60.65,125.65,92.16,0.00,1859.65
Garware Tech.,509557,GARFIBRES,INE276A01018,Textiles & Apparels,Other Textile Products,628.45,24.68,212.36,13.13,0.10,18.72,21.39,131.82,2.41,22.27,1298.35,0.16,0.57,1087.52,1.42,8.08,1.42,1.65,1534.93,18.61,0.00,1540.11,318.93,37.90,357.00,28.34,328.66,20.03,308.46,-0.17,99.27,0.00,1199.08,61.42,3.44,1877.29,1181.98,489.83,285.63,13.55,32.68,301.79,212.51,195.10,151.39,-2.78,-330.85,8.00,75.09,226.86,80.63,9.02,6238.36
GE Power,532309,GVPIL,INE878A01011,Electrical Equipment,Heavy Electrical Equipment,696.10,79.96,349.46,16.84,0.03,77.73,37.58,17.59,1.28,17.26,582.54,0.23,0.07,472.23,3.56,5.30,3.56,1.18,1269.39,20.44,0.00,1269.39,259.52,33.44,390.33,12.28,378.05,21.90,258.78,-97.37,67.23,0.00,515.31,0.00,28.83,2138.38,1954.41,1525.57,259.52,21.90,12.28,378.05,252.61,319.65,314.37,53.99,-65.84,8.00,219.22,71.43,26.56,427.42,4679.70
GE Vernova T&D,522275,GVT&D,INE200A01026,Electrical Equipment,Heavy Electrical Equipment,4342.60,54.74,1117.51,14.76,0.01,40.35,41.71,30.47,1.28,113.25,2086.30,0.01,0.05,1542.77,2.33,31.81,2.33,1.04,5721.77,26.06,0.00,4292.30,831.12,62.47,893.71,47.31,846.40,26.61,819.67,-0.12,51.21,0.00,2035.09,0.00,34.56,6064.45,4986.88,3881.38,1490.83,13.42,45.79,1519.83,1067.97,903.58,816.21,-495.28,-69.05,9.00,124.91,100.44,78.89,487.44,111192.27
Gillette India,507815,GILLETTE,INE322A01010,Personal Products,Personal Care,7806.50,56.06,620.48,21.84,0.00,41.62,190.42,0.05,1.77,70.29,1162.57,0.06,0.00,1022.16,1.87,22.79,1.87,1.18,3075.00,28.99,0.00,2234.84,600.32,26.62,628.30,64.28,564.02,8.51,554.15,-1.36,32.59,0.00,1129.98,0.00,0.05,2149.45,1542.12,872.90,891.54,11.98,84.16,842.03,620.48,327.85,284.33,-27.40,-358.43,8.00,61.90,180.82,-16.99,2349.41,25441.38
Gland Pharma,543245,GLAND,INE068V01023,Pharmaceuticals & Biotechnology,Pharmaceuticals,1868.30,15.14,1044.04,8.82,0.03,10.70,62.35,283.59,4.68,45.74,10357.95,0.18,0.28,10752.90,1.14,6.58,1.14,3.60,6430.65,25.34,0.00,6430.65,1629.55,291.98,1945.88,423.67,1522.21,33.28,1464.58,-24.35,16.48,0.00,10341.47,0.00,313.73,12510.85,7526.79,1608.40,1629.55,33.28,423.67,1522.21,1027.32,1031.39,537.55,137.73,-416.97,8.00,107.35,283.79,255.44,21.38,30781.44
Glaxosmi. Pharma,500660,GLAXO,INE159A01016,Pharmaceuticals & Biotechnology,Pharmaceuticals,2438.80,65.14,1020.79,24.21,0.01,48.39,61.15,33.27,2.03,508.47,2267.42,0.13,0.03,2140.73,1.86,18.47,1.86,1.77,3821.67,34.26,0.00,3821.67,1309.20,165.98,1454.56,66.44,1388.12,2.73,1406.01,20.62,169.41,0.00,2098.01,0.00,9.95,4323.87,3606.18,1779.11,1309.20,2.73,66.44,1388.12,1035.98,903.30,849.43,396.98,-737.08,8.00,26.08,123.61,-4.35,464.97,41314.74
Godfrey Phillips,500163,GODFRYPHLP,INE260B01028,Cigarettes & Tobacco Products,Cigarettes & Tobacco Products,2424.90,32.84,1525.36,19.97,0.04,26.62,97.84,233.68,2.44,166.24,6212.44,0.11,0.15,3585.15,1.23,10.25,1.23,1.19,6391.11,24.79,0.00,6391.11,1584.64,488.61,2072.55,120.95,1951.60,11.74,1940.56,0.70,31.20,0.00,6181.24,29.22,148.26,8310.38,4418.33,1813.04,1584.64,11.74,120.95,1951.60,1526.02,107.25,-52.71,402.32,-491.38,8.00,51.82,233.30,230.28,211.37,37824.02
Gokul Agro,539725,GOKULAGRO,INE314T01033,Agricultural Food & other Products,Edible Oil,240.04,36.73,369.38,8.20,0.41,30.05,12.52,589.11,1.23,3.78,1422.81,0.12,1.59,1703.65,3.17,8.21,3.17,0.49,24076.98,2.81,0.00,24076.98,676.49,39.71,716.20,56.59,659.61,174.35,485.26,0.00,29.51,0.00,1393.30,527.60,16.32,4928.42,3850.48,3125.48,676.49,174.35,56.59,659.61,369.38,324.98,219.66,-186.08,-131.21,8.00,8.97,37.04,3.69,26.31,7083.26
Grindwell Norton,506076,GRINDWELL,INE536A01023,Industrial Products,Abrasives & Bearings,1859.90,22.71,415.66,12.84,0.02,17.35,37.54,60.71,2.81,68.98,2534.75,0.13,0.15,2297.89,1.28,12.53,1.28,2.17,3073.20,18.67,0.00,3073.20,573.65,95.00,668.65,105.12,563.53,8.17,555.36,0.00,55.36,0.00,2479.39,0.00,83.55,3437.86,2112.11,752.61,573.65,8.17,105.12,563.53,416.79,542.14,424.26,-315.39,-215.00,9.00,47.12,123.33,38.71,55.62,20592.81
Guj Pipavav Port,533248,GPPL,INE517F01014,Transport Infrastructure,Port & Port services,151.05,24.89,440.75,14.85,0.02,18.96,9.71,50.65,3.42,81.83,2174.18,0.33,0.13,2179.95,1.27,6.95,1.27,3.39,1093.82,58.80,0.00,987.67,577.78,80.84,658.83,117.06,541.77,5.87,535.69,-0.21,483.44,0.00,1690.74,0.00,63.36,2699.40,1146.89,335.46,643.14,7.31,123.72,598.18,469.39,446.12,350.71,-56.20,-401.02,9.00,17.61,,17.61,235.37,7302.36
H P C L,500104,HINDPETRO,INE094A01015,Petroleum Products,Refineries & Marketing,366.40,22.23,18046.89,9.07,0.85,30.93,84.81,55964.43,0.64,7.96,65556.12,0.33,3.10,76848.89,3.03,3.49,3.03,0.19,441771.34,6.93,0.00,441771.34,30632.65,3748.71,34381.36,7347.49,27033.87,3395.75,23638.12,0.00,2128.21,0.00,63427.91,14219.32,56338.90,203039.24,56569.93,88183.39,30632.65,3395.75,7347.49,27033.87,18046.89,36110.68,27898.01,-11403.94,-22770.27,8.00,6.12,37.47,14.04,6114.19,77963.42
Hero Motocorp,500182,HEROMOTOCO,INE158A01026,Automobiles,2/3 Wheelers,5064.50,35.76,5833.63,18.98,0.04,28.54,286.96,778.61,1.91,97.52,21611.19,0.33,0.13,16138.73,1.43,8.24,1.43,1.64,47411.24,14.86,0.00,47411.24,7045.13,1323.71,8487.84,854.99,7632.85,78.27,7435.58,-119.00,40.02,0.00,21571.17,0.00,699.93,33452.59,18904.53,9904.33,7045.13,78.27,854.99,7632.85,5775.70,8314.62,7226.60,-4477.77,-3533.69,8.00,18.01,30.53,-39.90,251.72,101337.07
Hindustan Copper,513599,HINDCOPPER,INE531E01026,Non - Ferrous Metals,Copper,570.25,42.40,989.82,24.34,0.03,32.93,9.52,110.92,1.68,271.57,3347.71,0.06,0.12,3235.83,1.21,22.86,1.21,1.22,3077.92,47.50,0.00,3077.92,1462.08,-24.00,1533.83,200.44,1333.39,4.91,1232.73,-95.75,483.51,0.00,2864.20,166.47,0.04,4421.18,1415.59,842.97,1462.08,4.91,200.44,1333.39,920.67,1473.57,1348.25,-433.52,-299.35,8.00,15.80,,15.80,1150.26,55144.54
Hindustan Zinc,500188,HINDZINC,INE267A01025,Non - Ferrous Metals,Zinc,637.80,69.31,13693.33,35.76,0.39,76.57,32.45,8726.00,1.47,21.84,22475.00,0.19,0.64,28507.00,1.70,13.59,1.70,1.29,40658.00,53.90,-1.13,40658.00,21913.00,1118.00,23006.00,3789.00,19217.00,880.00,18362.00,25.00,845.00,0.00,21630.00,903.00,10061.00,42173.00,16564.00,11241.00,21913.00,880.00,3789.00,19217.00,13712.00,16857.00,11584.00,-8760.00,-7899.00,9.00,3.58,,3.58,1797.00,269490.85
Hitachi Energy,543187,POWERINDIA,INE07Y701011,Electrical Equipment,Heavy Electrical Equipment,32535.00,19.44,882.04,5.77,0.02,13.79,188.74,84.48,1.71,77.87,4583.09,0.04,0.22,4424.58,1.58,26.02,1.58,1.48,7277.34,14.25,0.00,6384.93,605.42,56.52,662.59,91.35,571.24,54.20,516.39,-0.65,8.92,0.00,4574.17,0.00,88.45,9762.30,8662.16,5051.33,1037.17,15.33,100.87,1193.81,841.27,1493.77,1365.52,-109.99,2294.73,8.00,120.60,91.43,10.35,327.41,145016.19
ICRA,532835,ICRA,INE725G01011,Capital Markets,Ratings,5390.00,23.13,189.16,13.83,0.01,16.75,191.49,12.25,5.86,55.56,1087.32,0.29,0.07,1094.33,1.18,9.15,1.18,5.86,560.87,36.49,0.00,498.02,177.80,77.37,255.15,16.39,238.76,4.80,233.98,0.02,9.65,0.00,1077.67,1.16,11.98,1364.32,1211.21,206.69,204.64,4.74,22.74,263.36,185.83,144.89,132.66,-16.89,-103.13,8.00,34.88,,34.88,1.58,5202.01
India Nipp.Elec.,532240,INDNIPPON,INE092B01025,Auto Components,Auto Components & Equipments,750.60,15.43,98.36,9.27,0.00,12.33,43.48,1.66,2.49,393.91,784.75,0.40,0.02,450.49,1.25,5.43,1.25,2.03,1002.78,10.90,0.00,844.83,93.77,30.11,123.88,20.56,103.32,0.39,102.93,0.00,11.31,0.00,773.44,0.00,2.11,1025.97,474.28,190.22,109.33,0.32,19.33,126.05,98.36,49.56,26.31,-12.15,-29.75,8.00,73.30,45.94,30.06,11.67,1697.96
Indo Tech.Trans.,532717,INDOTECH,INE332H01014,Electrical Equipment,Heavy Electrical Equipment,2599.80,37.80,89.83,15.50,0.04,25.66,84.59,11.74,2.43,51.71,324.61,0.05,0.18,315.55,1.47,12.37,1.47,1.48,749.15,14.50,0.00,611.78,84.62,16.45,101.07,4.47,96.60,10.62,85.98,0.00,10.62,0.00,313.99,8.16,0.00,510.46,430.80,177.45,108.61,2.29,4.66,118.42,89.83,55.75,39.60,-18.15,1.43,8.00,73.12,113.96,135.36,1.32,2760.99
Indosolar,533257,WAAREEINDO,INE866K01023,Electrical Equipment,Heavy Electrical Equipment,401.10,123.80,246.60,84.28,0.01,150.63,59.27,3.07,6.70,185.47,287.00,0.06,0.01,293.85,1.02,13.86,1.02,6.11,679.85,39.82,0.00,679.85,270.74,1.52,272.26,36.71,235.55,1.27,234.28,0.00,41.60,0.00,245.40,0.00,50.04,344.40,238.41,35.58,270.74,1.27,36.71,235.55,246.60,78.37,53.49,-24.46,-65.85,8.00,112.54,21.39,113.63,0.00,1668.72
InfoBeans Tech.,543644,INFOBEAN,INE344S01016,IT - Software,Computers - Software & Consulting,151.07,29.16,86.66,19.47,0.04,23.24,8.94,14.67,10.14,85.53,413.55,0.29,0.17,434.53,1.08,8.55,1.08,10.14,513.57,21.93,-1.57,513.57,112.65,25.35,138.00,24.25,113.75,1.33,112.42,0.00,96.96,0.00,316.59,0.00,19.70,489.35,345.12,34.05,112.65,1.33,24.25,113.75,86.66,84.91,70.67,-57.28,-21.36,8.00,76.52,,76.52,0.00,1464.77
Kajaria Ceramics,500233,KAJARIACER,INE217B01036,Consumer Durables,Ceramics,1064.40,23.27,519.95,13.40,0.07,17.90,30.48,228.59,2.97,33.12,3065.58,0.12,0.47,3109.25,1.27,10.00,1.27,2.15,4830.36,17.91,0.00,4830.36,864.98,6.80,918.86,169.37,749.49,22.63,679.78,-47.08,15.93,0.00,3049.65,168.41,105.45,4029.21,1982.33,666.96,864.98,22.63,169.37,749.49,487.00,663.67,563.06,-336.37,-290.23,9.00,47.49,97.36,88.44,120.63,16952.94
Kewal Kir.Cloth.,532732,KKCL,INE401H01017,Textiles & Apparels,Garments & Apparels,450.75,18.08,141.90,10.42,0.14,16.14,23.03,128.08,3.43,14.99,938.37,0.18,0.84,1164.65,1.56,5.67,1.56,2.49,1212.77,19.61,0.02,1212.77,237.79,23.76,261.55,44.33,217.22,14.49,202.73,0.00,61.63,0.00,876.74,27.55,136.33,1496.52,942.90,275.17,237.79,14.49,44.33,217.22,152.29,183.31,165.92,-28.33,-50.62,8.00,96.60,161.30,201.40,0.13,2777.76
Kingfa Science,524019,KINGFA,INE473D01015,Industrial Products,Plastic Products - Industrial,5177.10,30.55,168.00,14.22,0.01,23.21,131.14,18.61,2.94,42.96,1294.58,0.01,0.12,1156.08,1.48,9.61,1.48,2.18,1886.63,12.77,0.00,1744.69,225.07,9.38,234.45,21.71,212.74,6.66,206.08,0.00,13.55,0.00,1281.03,0.00,43.00,1734.61,1244.07,423.51,240.84,5.35,26.42,229.85,168.00,59.92,29.61,-29.84,-7.00,8.00,93.32,81.56,80.42,125.15,7015.69
Kothari Petroche,,KOTHARIPET,INE720A01015,Chemicals & Petrochemicals,Petrochemicals,139.87,28.60,72.68,17.72,0.01,21.43,12.32,2.24,2.48,132.12,372.26,0.34,0.03,302.64,1.10,6.45,1.10,1.99,591.39,16.43,0.00,591.39,97.17,8.85,106.28,8.51,97.77,0.74,96.77,-0.26,59.19,0.00,313.07,0.00,3.01,441.81,133.88,53.89,97.17,0.74,8.51,97.77,72.49,80.51,61.64,-76.56,-7.40,8.00,37.90,26.62,30.40,17.73,823.08
KRBL,530813,KRBL,INE001B01026,Agricultural Food & other Products,Other Agricultural Products,338.85,15.16,648.04,10.11,0.03,11.73,28.31,169.79,8.06,106.30,5806.49,0.29,0.26,5917.42,1.10,5.31,1.10,2.32,6097.86,14.79,0.00,6097.86,902.11,70.37,972.48,91.24,881.24,8.29,872.95,0.00,22.89,0.00,5783.60,334.97,71.71,6597.92,5218.25,647.60,902.11,8.29,91.24,881.24,648.04,960.75,865.83,-523.15,-251.67,8.00,27.70,306.60,322.77,313.88,7755.93
Kwality Pharma,539997,KPL,INE552U01010,Pharmaceuticals & Biotechnology,Pharmaceuticals,1718.60,18.40,57.14,9.46,0.38,16.31,54.50,110.44,1.88,8.35,290.11,0.02,2.77,293.19,1.59,8.78,1.59,1.38,461.65,22.82,0.04,370.20,80.39,1.92,82.28,18.29,63.99,9.88,54.14,0.03,10.38,0.00,279.73,112.45,0.00,477.65,320.06,170.62,105.35,10.57,19.63,88.30,56.52,52.72,27.80,-28.52,-14.44,8.00,152.14,166.96,207.51,36.98,1783.25
Lupin,500257,LUPIN,INE326A01037,Pharmaceuticals & Biotechnology,Pharmaceuticals,2276.20,30.32,5764.93,17.19,0.29,29.08,116.65,6616.18,1.90,18.10,22448.27,0.12,1.24,23386.13,1.50,6.92,1.50,1.42,27958.03,31.53,-0.03,27958.03,8816.00,-133.46,9240.45,1375.50,7864.95,434.49,6872.55,-557.91,91.44,0.00,22356.83,2396.26,3051.51,38364.83,24027.38,12651.24,8816.00,434.49,1375.50,7864.95,5355.47,7334.50,5527.35,-3864.59,-845.87,8.00,86.22,303.06,181.38,809.13,104071.48
Mamata Machinery,544318,MAMATA,INE0TO701015,Industrial Manufacturing,Industrial Products,400.35,34.92,42.17,16.44,0.04,26.89,17.14,7.26,1.84,111.82,176.66,0.17,0.18,138.27,1.45,8.70,1.45,0.76,270.29,20.28,0.00,254.58,54.64,4.85,59.49,3.31,56.18,0.85,55.33,0.00,24.61,0.00,152.05,0.45,4.80,272.33,161.71,88.12,54.81,0.51,3.91,57.03,42.17,72.55,70.59,-10.53,-7.14,8.00,45.32,297.86,244.05,0.49,985.17
Manorama Indust.,541974,MANORAMA,INE00VM01036,Food Products,Other Food Products,1305.60,35.45,233.22,21.34,0.51,40.32,39.06,355.47,2.00,9.41,694.86,-0.03,1.52,677.14,1.57,13.77,1.57,0.47,1357.70,27.08,0.00,1357.70,367.71,11.36,379.07,25.56,353.51,37.55,315.96,0.00,11.94,0.00,682.92,480.84,1.46,1200.50,925.14,461.49,367.71,37.55,25.56,353.51,233.22,259.37,205.73,-87.25,-165.18,8.00,15.13,349.00,324.96,1.00,7795.55
Marine Electric.,,MARINE,INE01JE01028,Industrial Manufacturing,Industrial Products,218.75,16.06,53.26,5.59,0.13,11.55,3.86,55.72,2.17,5.84,429.96,0.02,1.46,443.89,1.66,9.28,1.66,1.86,850.20,10.04,-0.34,767.10,68.71,13.35,81.08,15.57,65.51,14.08,52.41,0.98,27.66,0.00,402.30,39.61,15.58,758.94,632.56,291.94,85.33,14.83,15.27,86.64,53.55,55.44,34.63,-95.26,51.67,8.00,157.42,51.66,80.16,190.53,3061.28
Mastek,523704,MASTEK,INE759A01021,IT - Software,Computers - Software & Consulting,1549.90,18.02,424.55,10.41,0.15,15.57,130.33,438.26,2.16,18.22,2991.85,0.33,1.08,3074.18,1.36,4.38,1.36,2.16,3698.75,15.83,-0.01,3698.75,585.56,40.29,655.97,72.61,583.36,32.02,521.22,-30.12,15.50,0.00,2976.35,555.17,27.96,4308.83,2114.34,980.31,585.56,32.02,72.61,583.36,404.00,541.69,515.24,-66.16,-299.99,8.00,57.22,,57.22,15.01,4804.28
Mayur Uniquoters,522249,MAYURUNIQ,INE040D01038,Consumer Durables,Leather And Leather Products,628.40,20.67,177.29,13.91,0.01,15.39,40.80,7.48,7.37,199.90,1013.89,0.21,0.05,863.34,1.06,7.27,1.06,5.89,895.34,23.01,0.18,820.21,180.77,39.66,218.54,28.59,189.95,1.65,190.19,1.89,21.73,0.00,992.16,7.45,1.58,1133.85,743.14,100.82,206.06,1.20,29.09,239.88,177.29,158.90,140.64,-68.36,-69.79,9.00,109.49,113.54,182.39,22.49,2730.56
Menon Bearings,523828,MENONBE,INE071D01033,Auto Components,Auto Components & Equipments,146.14,25.49,38.25,15.36,0.25,22.24,6.83,46.63,2.51,10.87,185.34,,1.22,203.47,1.34,8.02,1.34,1.95,293.81,20.01,0.00,293.81,58.78,6.43,65.21,9.98,55.23,5.08,50.15,0.00,5.60,0.00,179.74,42.00,0.84,267.52,139.76,55.78,58.78,5.08,9.98,55.23,38.25,23.32,5.38,-18.23,-12.49,8.00,112.76,93.20,146.21,0.00,818.97
Metropolis Healt,542650,METROPOLIS,INE112L01020,Healthcare Services,Healthcare Service Provider,528.85,17.77,196.41,9.89,0.15,13.81,9.17,231.92,1.40,11.93,1513.16,0.08,1.21,1735.68,1.32,10.49,1.32,1.27,1645.85,24.36,-0.01,1645.85,400.85,16.59,426.43,133.72,292.71,24.54,259.18,-8.99,41.47,0.00,1471.69,14.19,189.93,2138.05,468.61,334.02,400.85,24.54,133.72,292.71,191.18,350.70,299.79,-223.13,-115.29,8.00,37.77,51.16,-56.63,6.18,10964.75
Modi Naturals,519003,MODINATUR,INE537F01012,Agricultural Food & other Products,Other Agricultural Products,423.25,22.02,46.44,12.61,0.94,31.62,37.79,161.21,1.66,8.54,172.14,-0.18,3.21,301.51,2.14,5.32,2.14,0.80,719.18,10.22,0.00,719.18,73.49,5.84,74.47,8.01,66.46,7.78,63.54,4.86,13.31,0.00,158.83,147.74,1.04,406.61,171.99,103.47,73.49,7.78,8.01,66.46,50.28,61.06,-10.81,-71.94,12.43,8.00,23.68,59.41,61.68,164.15,563.19
MRF,500290,MRF,INE883A01011,Auto Components,Tyres & Rubber Products,128640.00,15.73,2473.72,8.04,0.15,12.54,5720.45,3206.66,1.65,9.97,20974.56,0.18,1.32,19810.45,1.47,5.22,1.47,1.04,31149.01,15.73,0.05,31149.01,4900.58,441.39,5405.21,1753.63,3651.58,366.20,3222.14,-63.24,4.24,0.00,20970.32,632.00,3139.16,31953.51,14816.50,9006.27,4900.58,366.20,1753.63,3651.58,2426.10,4590.30,3164.28,-3536.15,-1120.33,9.00,41.50,101.27,82.74,1249.94,54558.06
Multi Comm. Exc.,534091,MCX,INE745G01043,Capital Markets,Exchange and Data Platform,3391.00,71.37,1331.55,22.52,0.00,56.27,52.22,4.76,1.31,4696.36,2847.94,0.10,0.00,1429.53,2.08,20.18,2.08,1.31,2302.00,71.32,0.00,2302.00,1641.68,127.05,1768.73,78.04,1690.69,0.36,1690.33,0.00,51.00,0.00,2796.94,0.00,1.01,7500.63,4151.84,3169.74,1641.68,0.36,78.04,1690.69,1331.55,3034.72,2962.38,-2399.10,-154.47,8.00,10.14,,10.14,143.83,86467.73
Natco Pharma,524816,NATCOPHARM,INE987B01026,Pharmaceuticals & Biotechnology,Pharmaceuticals,1199.10,32.78,1557.20,24.23,0.03,28.00,86.94,260.70,4.10,52.46,8649.80,0.24,0.14,8219.20,1.02,6.10,1.02,3.62,4560.20,40.72,-0.06,4429.50,2196.00,354.50,2549.10,235.20,2313.90,23.90,2291.40,1.40,35.80,0.00,8614.00,181.80,97.60,10430.10,6966.70,1700.00,1857.00,36.00,254.50,1888.60,1555.50,1696.80,1300.30,-1436.50,-210.70,8.00,102.72,405.21,362.48,3.00,21477.06
Navin Fluo.Intl.,532504,NAVINFLUOR,INE048G01026,Chemicals & Petrochemicals,Specialty Chemicals,7001.00,21.37,668.68,11.93,0.32,20.26,129.46,1271.75,2.61,8.47,3974.58,0.04,1.92,5184.27,1.41,11.24,1.41,2.19,3313.90,32.64,0.00,3313.90,1081.68,58.54,1146.97,149.20,997.77,117.85,873.17,-6.75,10.25,0.00,3964.33,1440.73,25.66,6379.12,2785.38,1068.05,1081.68,117.85,149.20,997.77,663.55,893.57,404.44,-1234.91,344.21,8.00,82.80,118.16,60.61,12.37,35909.25
NBCC,534309,NBCC,INE095N01031,Construction,Civil Construction,93.82,33.17,663.97,4.68,0.00,25.54,2.42,0.32,1.20,22848.00,2671.19,0.25,0.00,2597.76,5.33,4.68,5.33,1.10,12970.06,4.76,0.00,12038.57,629.45,138.46,850.82,7.44,843.38,5.46,755.01,-82.91,270.00,0.00,2401.19,0.00,0.40,13395.23,12419.36,10371.59,617.84,0.04,12.14,913.92,671.61,657.19,337.69,572.79,-269.11,8.00,92.83,,92.83,2806.10,25331.40
Nitta Gelatin,506532,NITTAGELA,INE265B01019,Chemicals & Petrochemicals,Specialty Chemicals,1328.70,27.39,98.29,17.84,0.01,21.07,107.10,4.23,6.24,149.06,511.25,0.36,0.04,493.67,1.08,6.95,1.08,4.88,588.31,23.20,0.00,588.31,136.47,11.60,149.12,14.97,134.15,0.90,132.20,-1.05,9.08,0.00,502.17,26.46,0.00,586.01,394.16,63.21,136.47,0.90,14.97,134.15,97.19,122.49,71.50,-182.44,-37.33,8.00,60.57,120.25,127.29,29.08,1206.46
Om Power Transmission,544750,OMPOWER,INE25E901019,Construction,Civil Construction,184.75,43.47,22.04,16.45,0.26,35.75,368.00,18.90,1.81,6.10,72.65,,0.86,67.98,1.84,10.55,1.84,1.71,279.44,12.76,,279.44,35.65,2.21,37.80,1.19,36.61,6.00,30.67,0.06,0.60,0.00,72.05,18.28,0.62,150.18,130.45,71.99,35.65,6.00,1.19,36.61,22.08,12.45,12.03,1.40,-13.33,8.00,117.70,22.04,6.46,1.68,632.68
Orient Electric,541301,ORIENTELEC,INE142Z01019,Consumer Durables,Household Appliances,192.73,19.83,102.68,6.38,0.12,14.12,4.49,93.35,1.43,7.18,760.10,0.08,0.97,767.73,2.12,7.16,2.12,0.91,3326.39,6.89,0.00,3326.39,229.06,-0.15,239.07,77.06,162.01,22.56,129.29,-10.16,21.34,0.00,738.76,0.00,86.43,1666.61,1177.19,825.38,229.06,22.56,77.06,162.01,95.84,110.02,76.61,-73.12,-57.27,8.00,67.97,67.82,40.05,164.50,4112.20
Pfizer,500680,PFIZER,INE182A01018,Pharmaceuticals & Biotechnology,Pharmaceuticals,4954.70,24.25,758.61,15.43,0.02,18.02,157.92,70.23,6.06,109.10,4202.90,0.21,0.10,3873.71,1.17,10.54,1.17,5.31,2519.65,35.88,0.00,2519.65,904.09,138.79,1092.04,57.73,1034.31,9.48,975.67,-49.16,45.75,0.00,4157.15,0.00,40.78,4921.88,3803.22,627.48,904.09,9.48,57.73,1034.31,722.43,967.57,943.50,-561.67,-798.31,8.00,26.34,195.09,132.30,211.92,22666.63
Pidilite Inds.,500331,PIDILITIND,INE318A01026,Chemicals & Petrochemicals,Specialty Chemicals,1467.70,30.97,2459.03,16.87,0.04,23.89,24.06,417.21,2.38,62.49,10832.17,0.07,0.17,11049.01,1.36,18.52,1.36,1.90,14600.83,24.09,-0.01,14600.83,3516.63,252.47,3782.81,394.71,3388.10,54.22,3320.17,-13.71,101.78,0.00,10730.39,124.17,329.97,15432.89,8531.88,3585.37,3516.63,54.22,394.71,3388.10,2470.72,2828.45,2239.37,-1224.10,-1672.77,8.00,54.52,97.74,65.83,433.59,149378.89
Pix Transmission,500333,PIXTRANS,INE751B01018,Industrial Products,Rubber,1525.30,26.87,109.31,16.51,0.05,20.73,80.23,29.75,7.11,49.22,638.09,0.24,0.26,697.06,1.15,7.50,1.15,5.39,574.48,24.19,0.00,589.45,163.46,17.09,180.53,23.57,156.96,4.46,152.52,0.02,13.62,0.00,624.47,18.73,16.65,771.78,491.47,69.13,138.97,2.99,23.26,147.16,109.31,108.04,88.90,-77.50,-27.08,8.00,75.30,213.81,240.47,0.07,2078.98
POCL Enterprises,539195,,INE035S01028,Chemicals & Petrochemicals,Commodity Chemicals,182.85,32.43,40.62,14.68,0.97,37.51,13.50,170.44,1.56,4.13,175.55,-0.21,5.47,164.75,2.17,7.60,2.17,0.81,1471.76,4.99,0.13,1450.10,63.58,1.23,64.75,3.40,61.35,19.62,41.79,0.06,6.15,0.00,169.40,92.40,14.94,393.98,323.92,207.54,73.37,17.31,5.71,71.44,40.43,40.43,26.76,-19.61,-20.82,8.00,12.19,24.75,33.55,3.74,562.56
Pokarna,532486,POKARNA,INE637C01025,Consumer Durables,Granites & Marbles,834.20,28.38,113.94,14.33,0.34,27.37,36.73,274.90,2.31,5.52,810.99,0.10,1.47,1062.13,1.68,5.29,1.68,1.59,687.06,32.49,0.00,925.15,326.75,21.39,347.96,44.19,303.77,38.03,265.92,0.18,6.20,0.00,804.79,272.01,97.52,1305.07,445.80,193.10,223.21,34.95,48.56,193.02,113.89,191.17,95.76,-82.38,-100.73,8.00,73.22,185.08,152.93,302.19,2586.35
Privi Speci.,530117,PRIVISCL,INE959A01019,Chemicals & Petrochemicals,Specialty Chemicals,3091.80,22.09,327.54,10.63,0.72,26.04,83.77,1021.26,1.46,6.37,1412.43,-0.01,3.22,1985.49,2.11,8.26,2.11,0.70,2563.69,25.21,0.00,2563.69,646.21,19.24,665.45,143.80,521.65,81.95,439.70,0.00,39.06,0.00,1373.37,890.69,252.14,3169.82,1595.91,1092.69,646.21,81.95,143.80,521.65,316.72,550.09,230.08,-358.08,-197.67,9.00,74.89,228.93,157.65,35.46,12077.41
Punjab Chemicals,506618,PUNJABCHEM,INE277B01014,Fertilizers & Agrochemicals,Pesticides & Agrochemicals,1045.90,18.58,65.54,8.07,0.36,16.63,52.16,154.22,1.52,6.13,423.47,0.01,2.41,467.73,1.92,5.13,1.92,0.79,1029.80,11.47,0.02,1029.80,118.13,11.60,131.81,28.64,103.17,16.82,84.27,-2.08,12.26,0.00,411.21,140.68,27.21,823.00,509.16,335.07,118.13,16.82,28.64,103.17,63.96,85.54,40.29,-43.64,-43.86,9.00,72.13,145.39,115.20,18.75,1282.27
Radhika Jeweltec,540125,RADHIKAJWE,INE583V01021,Consumer Durables,"Gems, Jewellery And Watches",56.60,25.78,78.39,17.25,0.13,20.46,6.64,42.84,8.30,42.83,310.85,-0.08,0.71,330.60,1.08,7.61,1.08,0.22,602.30,18.64,0.00,587.79,89.23,0.50,89.73,1.93,87.80,3.48,84.32,0.00,11.80,0.00,299.05,10.12,32.72,375.84,364.66,43.94,112.29,2.60,1.88,111.37,78.39,16.57,16.44,-1.72,-11.92,8.00,0.40,272.08,267.91,1.13,667.88
Radico Khaitan,532497,RADICO,INE944F01028,Beverages,Breweries & Distilleries,3499.20,24.21,616.91,12.80,0.15,20.33,45.14,498.44,1.92,13.83,3315.73,0.02,0.82,3229.27,1.45,18.12,1.45,1.06,6050.43,16.88,0.00,6050.43,1021.47,0.82,1038.84,153.02,885.82,64.03,805.24,-16.55,26.78,0.00,3288.95,630.68,119.76,4971.53,2593.43,1349.92,1021.47,64.03,153.02,885.82,604.48,742.64,504.18,-266.39,-446.16,8.00,71.76,128.55,164.39,157.91,46865.26
Rubicon Research,544578,RUBICON,INE506V01022,Pharmaceuticals & Biotechnology,Pharmaceuticals,960.95,26.05,133.70,10.44,0.88,28.88,8.72,567.53,1.37,6.26,648.45,-0.02,4.22,862.84,2.37,16.09,2.37,0.66,1284.27,19.93,-0.13,1284.27,255.94,11.95,266.93,36.59,230.34,36.78,194.52,0.96,16.48,0.00,631.97,393.17,24.44,1782.34,1221.80,893.20,255.94,36.78,36.59,230.34,134.36,159.18,91.38,-65.00,-39.81,8.00,92.02,573.92,402.85,12.25,15831.68
Saint-Gob. Sekur,515043,,INE068B01017,Auto Components,Auto Components & Equipments,104.79,26.06,45.80,16.83,0.01,19.96,5.03,1.29,6.32,157.89,243.21,0.30,0.03,246.48,1.12,8.86,1.12,5.67,242.99,21.31,0.00,242.99,51.77,11.52,63.29,3.29,60.00,0.38,59.62,0.00,91.11,0.00,152.10,0.00,0.16,291.48,269.51,42.66,51.77,0.38,3.29,60.00,45.80,33.39,30.43,-17.18,-18.50,8.00,52.26,92.16,30.42,5.60,954.74
Sambhv Steel,544430,SAMBHV,INE12NJ01018,Industrial Products,Iron & Steel Products,111.07,19.07,143.27,8.17,0.36,18.47,4.86,378.14,1.30,5.43,1055.43,0.07,2.64,1108.33,1.66,4.91,1.66,0.70,2413.24,11.45,0.00,2413.24,276.30,7.29,283.59,48.51,235.08,43.32,191.76,0.00,294.67,0.00,760.76,429.40,106.18,2071.52,963.17,741.23,276.30,43.32,48.51,235.08,143.27,215.82,-45.18,-370.92,211.58,8.00,33.67,93.80,10.00,23.80,3272.92
Schaeffler India,505790,SCHAEFFLER,INE513A01022,Auto Components,Auto Components & Equipments,4029.60,27.90,1250.55,15.82,0.01,20.80,80.01,39.01,2.64,458.07,6142.69,0.07,0.03,5760.03,1.23,15.60,1.23,1.79,9792.26,18.94,0.00,9395.32,1791.47,153.70,1948.26,328.76,1619.50,4.39,1612.02,-3.09,31.26,0.00,6111.43,0.00,39.01,8257.49,5460.15,2071.10,1855.14,3.68,336.25,1685.70,1250.55,1342.52,888.37,-395.91,-451.01,8.00,63.06,112.83,68.67,87.74,62984.13
Schneider Elect.,534139,SCHNEIDER,INE839M01018,Electrical Equipment,Heavy Electrical Equipment,1264.30,40.90,261.67,14.50,0.80,73.96,10.25,527.14,1.77,8.27,658.23,0.01,1.97,1153.13,3.68,26.28,3.68,1.24,2887.83,14.28,0.00,2636.71,383.27,41.72,407.84,25.36,382.48,49.28,350.35,17.15,47.82,270.09,610.41,0.00,336.00,2064.84,1452.01,821.42,412.40,48.69,28.77,402.65,245.20,307.89,245.17,-66.36,-30.40,9.00,92.34,75.86,56.22,242.04,30229.41
Shaily Engineer.,501423,SHAILY,INE151G01028,Industrial Products,Plastic Products - Industrial,2768.30,16.97,142.17,8.73,0.34,15.28,30.94,189.41,1.09,12.76,564.59,0.00,2.67,583.73,1.64,23.44,1.64,0.65,900.41,26.63,0.00,738.12,144.48,7.43,151.86,39.42,112.44,17.84,94.65,0.05,9.19,0.00,555.40,178.20,10.02,971.01,376.10,344.64,239.80,16.08,43.79,205.12,142.17,95.61,26.59,-53.75,-41.87,8.00,73.25,120.95,108.26,0.00,12721.75
Sika Interplant,523606,SIKA,INE438E01032,Aerospace & Defense,Aerospace & Defense,915.90,35.24,36.44,22.24,0.00,26.08,17.19,0.00,3.42,96.55,155.55,0.08,0.00,78.76,1.05,21.35,1.05,3.42,211.23,21.38,0.00,211.23,45.16,5.13,50.29,1.05,49.24,0.51,48.73,0.00,4.24,0.00,151.31,0.00,0.00,175.16,49.31,14.42,45.16,0.51,1.05,49.24,36.44,46.55,46.14,-39.56,-5.60,9.00,18.32,0.00,18.32,15.42,1941.79
Silver Touch,543525,SILVERTUC,INE625X01026,IT - Software,Computers - Software & Consulting,148.10,28.93,35.73,13.25,0.19,23.56,2.82,33.01,1.95,7.83,169.63,0.00,0.92,146.28,1.59,13.10,1.59,1.94,345.60,18.38,0.01,345.60,63.52,0.00,63.52,8.56,54.96,7.02,47.94,0.00,25.36,0.00,144.27,42.62,0.87,296.34,194.76,100.03,63.52,7.02,8.56,54.96,35.73,17.15,12.76,-3.08,-20.27,8.00,121.18,6.69,-59.97,32.51,1878.06
SJS Enterprises,543387,SJS,INE284S01014,Auto Components,Auto Components & Equipments,1902.70,28.70,170.70,17.36,0.03,22.10,53.35,23.26,2.95,60.15,867.88,0.10,0.14,861.53,1.14,11.83,1.14,2.53,955.07,28.30,-0.03,955.07,270.33,17.63,287.96,53.98,233.98,3.89,230.09,0.00,32.00,0.00,835.88,9.45,27.72,1112.13,601.90,204.22,270.33,3.89,53.98,233.98,171.80,223.88,141.64,-209.66,-6.62,8.00,85.43,75.96,80.83,2.31,6088.03
SML Mahindra,505192,SMLMAH,INE294B01019,"Agricultural, Commercial & Construction Vehicles",Commercial Vehicles,3634.40,30.92,159.75,11.85,0.56,35.42,110.39,289.11,1.25,11.32,519.34,-0.01,1.81,583.01,2.60,9.30,2.60,0.42,2837.92,9.81,0.00,2837.92,278.40,8.32,286.72,52.03,234.69,20.74,213.95,0.00,14.48,0.00,504.86,284.27,42.79,1396.78,988.72,789.71,278.40,20.74,52.03,234.69,159.75,156.19,86.08,-65.83,-88.95,8.00,34.75,111.28,77.73,26.06,5258.98
Subros,517168,SUBROS,INE287B01021,Industrial Products,Other Industrial Products,748.10,19.95,168.07,8.46,0.02,14.48,24.91,23.95,1.56,22.29,1158.43,0.13,0.16,1196.45,1.60,7.15,1.60,0.94,3614.22,8.98,0.00,3367.57,322.93,20.31,340.15,128.17,211.98,11.48,203.59,3.09,13.05,0.00,1145.38,0.00,40.94,2000.59,1147.79,734.88,324.67,10.51,128.06,234.25,162.52,174.84,58.42,-164.55,-13.08,9.00,48.92,56.10,20.94,47.85,4880.29
Sun Pharma.Inds.,524715,SUNPHARMA,INE044A01036,Pharmaceuticals & Biotechnology,Pharmaceuticals,1878.20,20.21,12137.31,12.97,0.07,16.86,45.49,5215.10,2.57,55.58,77819.72,0.12,0.48,71446.80,1.23,9.51,1.23,2.12,56809.09,30.79,0.00,52578.44,15114.46,1444.42,17253.13,2575.39,14677.74,231.36,13752.13,-694.25,239.93,0.00,77579.79,0.00,2362.19,103706.50,60136.43,23415.26,17493.29,302.16,2826.17,16793.21,10952.92,14072.09,12004.52,-5183.15,-7905.82,9.00,90.57,347.88,228.42,8434.44,450643.09
Syncom Formul.,524470,SYNCOMF,INE312C01025,Pharmaceuticals & Biotechnology,Pharmaceuticals,13.80,18.59,68.89,12.12,0.00,15.50,0.73,0.30,4.83,110.18,376.46,0.13,0.01,369.03,1.18,8.18,1.18,4.37,501.04,14.60,0.00,460.53,53.68,17.20,70.46,5.19,65.27,1.03,64.66,0.42,94.00,0.00,282.46,4.04,0.00,451.14,298.87,61.93,73.16,0.83,5.34,91.45,68.93,23.31,13.35,-18.38,-67.59,8.00,84.76,49.11,83.04,0.86,1297.20
Talbros Auto.,505160,TALBROAUTO,INE187D01029,Auto Components,Auto Components & Equipments,322.30,19.31,99.08,10.31,0.13,15.93,16.05,86.01,1.80,10.09,681.34,0.20,0.91,465.57,1.43,5.64,1.43,1.31,839.36,15.55,0.00,827.05,129.59,35.42,163.42,31.88,131.54,13.70,119.43,1.59,12.35,0.00,668.99,81.42,12.40,1010.66,501.86,278.31,130.48,13.70,32.18,138.22,99.08,80.02,29.37,-44.65,-22.88,8.00,108.43,106.99,71.26,5.57,1989.50
Tech Mahindra,532755,TECHM,INE669C01036,IT - Software,Computers - Software & Consulting,1370.50,23.14,5000.32,10.67,0.07,17.55,49.10,2186.20,1.90,21.29,29615.40,0.18,0.45,27968.00,1.58,7.14,1.58,1.89,56815.40,15.90,-0.01,56815.40,9032.60,-240.50,9064.50,1881.60,7182.90,337.40,6573.10,-272.40,442.80,0.00,29172.60,41.00,1984.20,49369.40,27574.70,14497.50,9032.60,337.40,1881.60,7182.90,4805.50,6172.00,5625.90,-409.20,-5130.50,8.00,48.42,,48.42,4408.80,134302.72
Time Technoplast,532856,TIMETECHNO,INE508G01029,Industrial Products,Plastic Products - Industrial,178.12,17.35,446.40,9.25,0.22,14.22,9.61,684.26,2.89,8.21,3047.35,0.07,1.73,3408.71,1.47,6.38,1.47,1.76,5897.27,14.66,0.05,5457.04,784.96,5.27,789.22,169.67,619.55,91.53,529.03,1.01,49.36,0.00,2997.99,646.51,85.51,4516.26,2948.40,1019.08,864.79,84.18,180.38,690.80,454.11,430.52,274.82,-146.60,-248.73,9.00,77.75,107.86,143.23,31.96,8792.63
Torrent Pharma.,500420,TORNTPHARM,INE685A01028,Pharmaceuticals & Biotechnology,Pharmaceuticals,4405.70,27.05,2305.53,13.26,0.33,26.52,67.13,2822.00,1.40,15.90,8449.23,0.04,1.48,10086.00,1.90,17.79,1.90,0.84,12742.00,32.70,0.00,11516.09,3720.99,-0.94,3726.19,794.93,2931.26,252.31,2672.81,-6.14,169.23,0.00,8280.00,2226.12,976.20,15515.00,6192.00,4435.00,4167.00,205.00,812.00,3260.00,2272.00,2585.11,1991.01,-548.78,-2297.99,9.00,59.16,334.15,153.99,156.12,149108.91
Triveni Turbine,533655,TRITURBINE,INE152M01016,Electrical Equipment,Heavy Electrical Equipment,606.95,41.36,352.56,18.02,0.03,30.59,10.75,38.40,2.11,188.12,1299.90,0.08,0.11,1296.50,1.52,17.07,1.52,1.82,2039.50,21.66,0.00,2005.84,439.47,81.09,486.00,26.30,459.70,5.68,488.58,34.56,31.80,0.00,1268.10,0.00,39.16,2194.60,1778.30,844.30,441.70,2.60,32.60,489.10,342.10,186.73,143.89,-6.84,-110.81,8.00,66.09,78.28,19.68,37.58,19294.64
United Polyfab,544756,UNITEDPOLY,INE368U01029,Textiles & Apparels,Other Textile Products,33.75,15.11,22.31,7.24,0.90,19.99,0.97,109.41,1.62,4.22,121.70,-0.07,6.18,162.13,2.51,8.47,2.51,1.05,659.93,7.74,0.00,602.22,43.78,1.01,44.79,13.00,31.79,10.53,21.26,0.00,22.95,0.00,98.75,75.50,42.87,270.15,173.91,107.12,51.10,9.98,13.68,42.08,22.31,19.46,16.92,-2.54,-16.77,8.00,58.65,31.36,77.34,26.56,774.61
Usha Martin,517146,USHAMART,INE228A01035,Industrial Products,Iron & Steel Products,472.95,20.18,503.81,12.69,0.07,16.64,15.29,228.57,3.28,34.44,3301.93,0.11,0.49,3298.06,1.20,8.43,1.20,1.90,3691.06,19.10,0.00,3691.06,705.08,45.63,792.47,116.40,676.07,19.63,614.68,-41.76,30.51,0.00,3271.42,331.98,84.73,4211.82,2280.03,695.61,705.08,19.63,116.40,676.07,466.31,655.34,489.30,-366.67,-321.49,8.00,63.63,187.20,190.06,313.16,14412.76
V-Marc India,,VMARCIND,INE0GXK01018,Industrial Products,Cables - Electricals,1089.85,41.38,100.08,11.98,0.74,41.79,40.98,213.66,1.24,3.95,289.52,-0.03,2.13,380.86,2.88,7.06,2.88,0.81,1797.00,11.18,0.00,1797.00,200.85,3.19,204.04,24.54,179.50,45.43,134.07,0.00,24.42,0.00,265.10,160.69,14.29,1024.38,768.84,619.16,200.85,45.43,24.54,179.50,100.08,109.22,16.97,-96.76,-5.17,9.00,85.24,68.76,42.11,77.54,2661.49
Vedanta,500295,VEDL,INE205A01025,Diversified Metals,Diversified Metals,331.05,16.49,8638.28,5.76,0.56,19.01,44.47,27844.00,1.32,7.07,49652.00,0.81,1.11,86191.00,4.36,2.04,4.36,1.28,78437.00,29.56,0.00,78437.00,23183.00,14186.00,24733.00,4810.00,19923.00,2817.00,29742.00,12636.00,391.00,0.00,49261.00,60161.00,31318.00,233237.00,186050.00,140938.00,23183.00,2817.00,4810.00,19923.00,25096.00,39499.00,18747.00,-24338.00,-13549.00,8.00,6.07,66.04,-16.32,22439.00,129453.40
Vinati Organics,524200,VINATIORGA,INE410B01037,Chemicals & Petrochemicals,Specialty Chemicals,1322.80,21.33,487.78,14.17,0.00,16.20,47.05,0.00,5.25,1582.80,3216.61,0.16,0.00,2634.70,1.07,8.81,1.07,3.91,2228.22,30.89,-0.01,2228.22,688.37,52.57,740.94,91.99,648.95,0.41,648.54,0.00,10.37,0.00,3206.24,62.62,0.00,3621.37,1107.24,210.72,688.37,0.41,91.99,648.95,487.78,628.42,491.48,-484.85,-141.08,8.00,87.18,99.20,146.14,85.72,13712.89
