company,report_date,bs_borrowings,bs_capital_work_in_progress,bs_cash_bank,bs_equity_share_capital,bs_face_value,bs_inventory,bs_investments,bs_net_block,bs_no_of_equity_shares,bs_other_assets,bs_other_liabilities,bs_receivables,bs_reserves,bs_total,cf_cash_from_financing_activity,cf_cash_from_investing_activity,cf_cash_from_operating_activity,cf_net_cash_flow,pl_change_in_inventory,pl_depreciation,pl_dividend_amount,pl_employee_cost,pl_interest,pl_net_profit,pl_other_expenses,pl_other_income,pl_other_mfr_exp,pl_power_and_fuel,pl_profit_before_tax,pl_raw_material_cost,pl_sales,pl_selling_and_admin,pl_tax,status_group,source_file,fy,bs_new_bonus_shares
Akar Auto Indust,2016-03-31,44.8,0.84,1.35,5.39,10.0,48.97,0.11,29.52,5394005.0,95.49,56.19,35.48,19.58,125.96,2.85,-3.63,0.82,0.05,-0.81,2.9,0.54,13.69,6.71,1.84,-0.45,0.16,14.45,13.95,2.83,120.57,183.59,8.29,1.01,distressed,Akar Auto Indust.xlsx,2016,
Akar Auto Indust,2017-03-31,51.06,2.52,1.54,5.39,10.0,48.34,0.08,34.98,5394005.0,87.54,48.55,31.17,20.12,125.12,-2.14,-9.97,12.3,0.19,-3.17,3.14,0.59,16.02,7.15,2.46,-0.62,0.27,14.93,14.36,3.86,118.11,188.67,8.82,1.41,distressed,Akar Auto Indust.xlsx,2017,
Akar Auto Indust,2018-03-31,57.01,1.16,1.2,5.39,5.0,53.8,0.08,37.23,10788010.0,102.03,55.5,36.85,22.6,140.5,-3.51,-4.47,8.67,0.7,6.62,3.7,0.59,21.78,8.45,3.2,0.01,-1.32,20.2,16.77,4.97,161.46,241.0,8.96,1.77,distressed,Akar Auto Indust.xlsx,2018,
Akar Auto Indust,2019-03-31,66.35,4.11,1.88,5.39,5.0,61.47,0.06,38.77,10788010.0,109.79,54.02,38.22,26.97,152.73,0.55,-8.34,7.43,-0.36,9.56,4.07,0.59,26.06,8.11,5.21,0.25,-0.41,20.26,21.69,5.91,189.4,276.58,9.98,0.7,distressed,Akar Auto Indust.xlsx,2019,
Akar Auto Indust,2020-03-31,66.2,,2.64,5.39,5.0,59.46,0.06,43.38,10788010.0,100.88,49.56,30.78,23.17,144.32,-9.0,-4.68,14.44,0.76,-2.78,4.32,,27.1,7.66,-3.06,0.01,0.15,14.46,16.7,-2.49,118.11,197.63,9.13,0.57,distressed,Akar Auto Indust.xlsx,2020,
Akar Auto Indust,2021-03-31,78.94,,2.09,5.39,5.0,68.78,0.06,42.13,10788010.0,117.19,54.84,39.56,20.21,159.38,0.7,-1.49,0.25,-0.54,5.32,4.5,,28.04,8.05,-2.84,0.22,1.76,13.49,15.74,-2.09,117.7,186.93,8.36,0.74,distressed,Akar Auto Indust.xlsx,2021,
Akar Auto Indust,2022-03-31,71.38,0.22,3.07,5.39,5.0,74.99,0.06,37.65,10788010.0,120.83,54.9,35.41,27.09,158.76,-14.91,0.42,15.47,0.97,2.99,4.43,0.27,33.48,8.02,6.88,0.02,0.59,19.92,20.67,7.34,167.32,269.22,11.6,0.46,distressed,Akar Auto Indust.xlsx,2022,
Akar Auto Indust,2023-03-31,64.75,0.77,3.85,5.39,5.0,78.58,0.06,41.15,10788010.0,144.94,82.6,48.78,34.18,186.92,-15.86,-7.92,24.56,0.78,-5.42,4.05,0.54,39.42,10.04,6.88,0.4,0.18,21.67,29.95,8.29,231.8,365.98,15.12,1.41,distressed,Akar Auto Indust.xlsx,2023,
Akar Auto Indust,2024-03-31,83.08,,3.36,5.39,5.0,88.87,0.06,55.46,10788010.0,160.72,88.69,55.02,39.08,216.24,6.95,-17.34,9.91,-0.49,4.65,4.04,0.65,44.82,11.18,5.49,0.41,0.24,24.64,30.4,8.91,236.2,372.6,16.89,3.41,distressed,Akar Auto Indust.xlsx,2024,
Akar Auto Indust,2025-03-31,79.75,3.52,3.83,5.39,5.0,94.34,0.06,55.8,10788010.0,175.99,105.43,59.81,44.8,235.37,-16.93,-8.44,25.84,0.47,4.36,4.87,0.65,48.16,12.95,6.45,-2.69,0.29,37.93,18.71,9.09,228.01,374.16,21.78,2.63,distressed,Akar Auto Indust.xlsx,2025,
Auto.Corp.of Goa,2017-03-31,2.39,7.92,2.0,6.42,10.0,53.89,,62.95,6421622.0,227.93,99.81,54.78,190.18,298.8,-14.13,-5.34,19.48,0.01,10.36,5.62,11.24,45.55,0.25,20.98,8.46,7.8,63.23,3.8,32.43,322.5,467.42,3.74,11.46,distressed,Auto.Corp.of Goa.xlsx,2017,
Auto.Corp.of Goa,2018-03-31,5.93,7.7,2.1,6.42,10.0,47.66,3.18,59.35,6421622.0,240.37,100.92,58.25,197.33,310.6,-10.23,-29.41,39.65,,-2.6,5.32,11.24,43.26,0.39,20.16,11.91,9.69,62.69,4.33,32.77,330.27,489.42,5.57,12.62,distressed,Auto.Corp.of Goa.xlsx,2018,
Auto.Corp.of Goa,2019-03-31,,7.38,3.66,6.42,10.0,47.1,7.16,55.68,6421622.0,229.65,89.53,67.7,203.92,299.87,-19.55,25.91,-4.68,1.67,-0.24,5.29,11.24,46.78,0.14,20.86,8.02,5.83,54.75,4.21,31.73,274.97,426.17,5.87,10.86,distressed,Auto.Corp.of Goa.xlsx,2019,
Auto.Corp.of Goa,2020-03-31,0.54,0.06,11.73,6.09,10.0,39.54,6.04,59.76,6088622.0,193.74,77.48,49.49,175.49,259.6,-38.56,25.24,21.47,8.15,-1.76,5.23,6.09,45.54,0.19,9.96,8.8,9.03,43.96,3.42,13.32,217.23,333.17,2.75,3.37,distressed,Auto.Corp.of Goa.xlsx,2020,
Auto.Corp.of Goa,2021-03-31,17.43,,1.64,6.09,10.0,39.45,8.96,54.97,6088622.0,170.14,49.88,23.86,160.67,234.07,13.67,-3.33,-19.95,-9.61,1.0,5.1,,40.18,0.11,-12.51,4.62,10.42,11.38,2.55,-16.3,75.98,115.7,3.5,-3.79,distressed,Auto.Corp.of Goa.xlsx,2021,
Auto.Corp.of Goa,2022-03-31,42.95,,7.21,6.09,10.0,39.81,10.73,50.33,6088622.0,225.13,74.31,72.12,162.84,286.19,25.43,9.0,-28.64,5.79,-0.87,4.97,,39.19,0.09,3.44,3.0,1.35,24.2,3.33,3.35,199.61,281.78,4.52,-0.1,distressed,Auto.Corp.of Goa.xlsx,2022,
Auto.Corp.of Goa,2023-03-31,72.48,0.45,30.05,6.09,10.0,50.52,,49.13,6088622.0,286.76,70.16,81.1,187.61,336.34,27.93,-28.59,-4.28,-4.94,8.8,4.68,10.66,46.87,0.08,27.85,5.07,10.9,54.55,4.55,37.12,366.01,506.21,6.98,9.28,distressed,Auto.Corp.of Goa.xlsx,2023,
Auto.Corp.of Goa,2024-03-31,62.56,0.66,41.38,6.09,10.0,49.18,,51.48,6088622.0,320.77,91.4,76.6,212.86,372.91,-22.19,-10.69,60.95,28.07,-2.93,4.96,12.18,48.12,0.08,38.37,6.23,13.31,67.41,5.02,51.06,404.47,584.34,7.37,12.69,distressed,Auto.Corp.of Goa.xlsx,2024,
Auto.Corp.of Goa,2025-03-31,85.74,1.14,71.52,6.09,10.0,56.06,120.16,62.26,6088622.0,281.71,125.79,131.51,247.65,465.27,10.91,-13.89,9.72,6.74,-8.01,4.6,15.22,49.05,0.09,46.6,8.39,14.85,73.98,5.18,62.5,456.14,660.77,7.68,15.9,distressed,Auto.Corp.of Goa.xlsx,2025,
Auto.Corp.of Goa,2026-03-31,9.52,25.14,213.31,6.09,10.0,68.07,,70.28,,363.39,140.7,62.73,302.5,458.81,-91.57,40.84,136.17,85.44,-4.58,5.67,16.75,53.79,0.13,69.89,137.57,14.21,,,94.14,651.98,933.65,,24.26,distressed,Auto.Corp.of Goa.xlsx,2026,
Autoline Industr,2017-03-31,224.22,,3.96,16.03,10.0,162.64,0.1,239.55,16031054.0,267.17,208.61,53.6,57.96,506.82,-40.22,-4.66,44.45,-0.42,-0.93,23.47,,35.22,36.75,-71.91,4.83,-29.79,44.68,10.87,-84.47,249.01,359.17,8.09,-12.56,distressed,Autoline Industr.xlsx,2017,
Autoline Industr,2018-03-31,249.93,3.47,5.82,21.0,10.0,172.7,0.1,220.65,21000188.0,273.05,180.98,45.3,45.36,497.27,12.53,6.79,-17.26,2.06,5.67,22.26,,35.96,36.86,-52.38,1.25,9.9,62.42,12.83,-52.26,271.2,384.59,9.64,0.12,distressed,Autoline Industr.xlsx,2018,
Autoline Industr,2019-03-31,219.86,0.97,4.34,27.03,10.0,171.91,0.1,205.49,27027585.0,319.77,199.06,44.14,80.38,526.33,-25.0,4.48,18.84,-1.68,-3.59,21.23,,35.39,37.52,-4.95,1.64,46.43,63.52,13.59,-4.88,316.2,452.13,10.76,0.07,distressed,Autoline Industr.xlsx,2019,
Autoline Industr,2020-03-31,187.17,0.97,5.43,27.03,10.0,153.17,0.26,186.78,27027585.0,243.61,203.17,26.89,14.25,431.62,-18.79,-3.0,22.66,0.87,-7.92,20.95,,29.43,31.33,-66.04,2.37,-1.17,43.79,12.1,-66.04,223.86,316.27,9.39,,distressed,Autoline Industr.xlsx,2020,
Autoline Industr,2021-03-31,197.23,0.56,6.33,30.96,10.0,152.76,0.26,169.23,30963164.0,256.45,207.42,44.67,-9.11,426.5,-7.46,-0.18,6.55,-1.09,-2.46,20.43,,25.82,31.97,-41.88,1.63,1.98,40.63,13.49,-41.87,186.37,284.69,5.74,,distressed,Autoline Industr.xlsx,2021,
Autoline Industr,2022-03-31,236.88,3.95,4.65,37.96,10.0,162.23,0.26,150.06,37963164.0,332.82,189.57,110.66,22.68,487.09,47.4,5.12,-52.69,-0.17,3.66,20.14,,32.41,25.68,7.69,3.95,7.22,63.0,17.27,7.69,402.61,568.43,6.56,,distressed,Autoline Industr.xlsx,2022,
Autoline Industr,2023-03-31,173.2,10.68,4.5,38.96,10.0,163.03,0.1,141.2,38963164.0,287.26,191.02,75.53,36.06,439.24,-78.67,2.26,76.41,0.01,-3.99,17.63,,37.5,21.99,11.12,1.99,11.62,59.55,19.31,10.57,482.33,649.75,6.51,0.03,distressed,Autoline Industr.xlsx,2023,
Autoline Industr,2024-03-31,193.83,14.64,16.42,38.96,10.0,52.19,0.1,148.46,38963164.0,411.9,245.62,114.1,96.69,575.1,51.73,-51.16,10.79,11.35,-0.11,13.83,,40.41,22.95,16.41,3.07,1.45,66.44,21.71,16.89,460.2,654.15,9.99,1.03,distressed,Autoline Industr.xlsx,2024,
Autoline Industr,2025-03-31,287.89,67.19,31.25,43.18,10.0,67.22,2.28,233.63,43175401.0,454.54,316.65,126.71,109.92,757.64,61.59,-114.68,66.17,13.08,13.07,17.8,,46.05,32.05,18.05,2.96,0.19,72.07,24.01,18.81,448.75,658.55,9.31,1.01,distressed,Autoline Industr.xlsx,2025,
Autoline Industr,2026-03-31,324.54,6.35,8.57,45.38,10.0,107.54,2.28,366.69,,373.51,227.17,185.98,151.74,748.83,16.62,-26.36,9.56,-0.18,21.19,21.82,,57.04,40.01,38.5,142.91,27.84,,,44.71,566.59,824.05,,6.21,distressed,Autoline Industr.xlsx,2026,
Automotive Stamp,2017-03-31,92.93,3.06,0.05,15.86,10.0,24.44,,109.85,15864397.0,91.87,94.29,50.31,1.7,204.78,-13.14,-7.27,17.96,-2.44,2.29,9.33,,36.49,9.12,-2.87,2.87,14.63,24.22,7.4,-2.87,221.42,304.02,12.96,,distressed,Automotive Stamp.xlsx,2017,
Automotive Stamp,2018-03-31,102.91,0.22,0.25,15.86,10.0,28.75,,104.01,15864397.0,72.74,102.97,31.53,-44.77,176.97,-1.13,-2.75,4.08,0.2,-2.15,10.03,,34.68,11.48,-46.56,2.56,0.04,33.14,8.95,-46.56,258.46,330.8,15.95,,distressed,Automotive Stamp.xlsx,2018,
Automotive Stamp,2019-03-31,145.84,3.63,0.59,15.86,10.0,52.65,,104.64,15864397.0,134.81,138.8,64.7,-57.42,243.08,27.66,-5.84,-21.46,0.36,12.39,9.76,,37.5,16.5,-12.63,2.06,1.99,41.73,11.14,-12.63,374.26,481.67,15.73,,distressed,Automotive Stamp.xlsx,2019,
Automotive Stamp,2020-03-31,147.35,3.78,0.54,15.86,10.0,31.37,,99.12,15864397.0,82.42,96.81,31.67,-74.7,185.32,-19.35,11.1,8.08,-0.17,-11.63,11.31,,34.45,17.48,-17.01,3.47,21.44,31.42,7.74,-16.89,267.5,362.4,15.73,0.12,distressed,Automotive Stamp.xlsx,2020,
Automotive Stamp,2021-03-31,158.5,0.92,0.04,15.86,10.0,36.76,,83.57,15864397.0,90.34,105.06,31.15,-104.59,174.83,-7.49,2.88,4.23,-0.38,-1.95,11.46,,29.2,18.29,-29.7,3.39,0.03,27.62,7.59,-29.69,256.03,339.13,13.32,,distressed,Automotive Stamp.xlsx,2021,
Automotive Stamp,2022-03-31,81.94,3.16,4.23,15.86,10.0,40.53,,90.08,15864397.0,87.65,134.67,23.02,-51.58,180.89,-131.52,91.24,43.82,3.55,2.58,10.84,,31.09,14.97,52.31,4.04,62.26,39.83,10.38,52.31,493.27,607.64,15.75,,distressed,Automotive Stamp.xlsx,2022,
Automotive Stamp,2023-03-31,82.67,0.38,2.91,15.86,10.0,51.33,,93.26,15864397.0,132.05,170.37,45.16,-43.21,225.69,-12.0,-13.63,24.97,-0.66,3.95,13.82,,40.47,12.7,8.33,3.07,2.34,54.09,12.21,8.33,670.2,828.23,19.63,,distressed,Automotive Stamp.xlsx,2023,
Automotive Stamp,2024-03-31,104.71,2.89,1.88,15.86,10.0,66.33,,115.07,15864397.0,167.02,187.64,71.51,-23.23,284.98,-19.74,-12.42,31.12,-1.03,6.4,16.32,,41.06,15.22,20.17,3.69,0.9,69.21,14.3,20.17,688.94,880.33,18.72,,distressed,Automotive Stamp.xlsx,2024,
Automotive Stamp,2025-03-31,148.69,0.5,4.4,15.86,10.0,54.88,,118.25,15864397.0,175.55,136.88,90.35,-7.13,294.3,24.74,-15.5,-6.72,2.52,-4.16,19.68,,45.4,14.9,16.78,6.02,2.99,72.97,14.52,16.78,565.47,775.28,18.37,,distressed,Automotive Stamp.xlsx,2025,
Automotive Stamp,2026-03-31,124.38,1.19,18.98,15.86,10.0,83.65,,102.18,,231.94,174.77,97.27,20.3,335.31,-38.66,-5.74,58.97,14.57,2.32,19.79,,52.06,14.15,27.68,141.48,0.6,,,25.14,640.82,890.52,,-2.54,distressed,Automotive Stamp.xlsx,2026,
Bharat Gears,2016-03-31,98.41,3.48,5.82,7.82,10.0,57.34,,114.95,7817833.0,149.78,98.88,62.9,63.1,268.21,-15.89,-7.11,23.32,0.32,-7.16,16.5,,74.58,16.16,0.24,9.72,2.4,52.18,28.85,0.52,179.18,397.57,15.12,0.28,distressed,Bharat Gears.xlsx,2016,
Bharat Gears,2017-03-31,111.96,1.59,5.64,7.82,10.0,62.43,,102.79,7817833.0,186.17,112.11,92.32,58.66,290.55,-18.34,-4.76,20.26,-2.84,3.87,16.69,,77.16,14.81,-1.46,11.96,1.08,58.25,29.38,-2.28,189.74,406.78,16.02,-0.82,distressed,Bharat Gears.xlsx,2017,
Bharat Gears,2018-03-31,133.85,2.36,5.34,8.14,10.0,77.03,,113.11,8142833.0,250.26,154.06,128.18,69.68,365.73,26.93,-20.64,6.13,12.41,7.44,18.28,,87.26,16.84,6.3,10.8,1.55,75.87,34.84,9.24,243.48,508.13,20.51,2.94,distressed,Bharat Gears.xlsx,2018,
Bharat Gears,2019-03-31,161.5,10.07,7.34,8.14,10.0,94.07,,145.32,8142833.0,264.32,169.72,116.04,80.35,419.71,-4.98,-56.13,50.12,-10.99,14.29,21.76,0.81,98.39,21.97,12.53,10.85,4.47,90.15,40.78,19.45,288.4,594.4,21.41,6.92,distressed,Bharat Gears.xlsx,2019,
Bharat Gears,2020-03-31,151.61,2.17,7.2,9.31,10.0,78.15,,149.54,9306095.0,222.43,142.95,102.19,70.27,374.14,-19.91,-29.48,53.56,4.17,-15.97,26.69,,89.8,21.65,-18.78,11.22,4.82,59.93,33.83,-24.83,222.45,463.12,11.23,-6.05,distressed,Bharat Gears.xlsx,2020,
Bharat Gears,2021-03-31,118.09,1.32,5.67,9.31,10.0,90.39,,133.58,9306095.0,248.73,191.72,106.27,64.51,383.63,-56.71,-2.25,59.03,0.08,7.03,24.15,,82.47,22.67,-7.7,10.1,1.33,75.95,34.01,-9.65,255.99,503.03,15.7,-1.95,distressed,Bharat Gears.xlsx,2021,
Bharat Gears,2022-03-31,106.6,1.14,9.36,10.24,10.0,90.46,,117.86,10236700.0,284.55,188.75,144.28,97.96,403.55,-32.22,-5.0,30.28,-6.95,4.41,20.39,,107.14,18.42,25.84,11.68,7.13,108.99,48.78,34.07,375.3,729.44,16.21,8.23,distressed,Bharat Gears.xlsx,2022,
Bharat Gears,2023-03-31,115.92,1.91,6.6,15.36,10.0,99.97,1.11,131.96,15355100.0,272.21,170.71,122.53,105.2,407.19,-2.8,-26.33,41.96,12.83,7.56,20.07,,115.76,17.08,13.48,12.3,8.57,113.04,55.33,17.59,416.42,766.37,14.91,4.11,distressed,Bharat Gears.xlsx,2023,5118353.0
Bharat Gears,2024-03-31,113.37,5.2,9.08,15.36,10.0,82.02,1.2,132.55,15355100.0,246.54,161.52,116.19,95.24,385.49,-37.45,-13.22,46.6,-4.08,-14.49,22.55,,114.05,17.48,-9.74,14.07,3.48,91.25,48.05,-12.88,342.51,663.05,14.96,-3.14,distressed,Bharat Gears.xlsx,2024,
Bharat Gears,2025-03-31,79.67,2.34,9.34,15.36,10.0,93.21,1.3,128.47,15355100.0,232.29,171.84,96.87,97.53,364.4,-51.04,2.21,48.97,0.14,11.37,23.63,,119.39,17.08,3.19,12.74,19.33,81.16,47.69,3.94,354.48,647.53,18.12,0.75,distressed,Bharat Gears.xlsx,2025,
Bharat Seats,2017-03-31,62.65,0.47,1.16,6.28,2.0,15.38,,145.76,31400000.0,118.54,139.98,94.16,55.86,264.77,-21.65,-16.64,38.46,0.17,-0.38,17.1,2.83,20.8,4.47,12.17,7.14,1.19,20.66,9.76,16.82,734.51,840.4,9.95,4.64,distressed,Bharat Seats.xlsx,2017,
Bharat Seats,2018-03-31,25.42,13.16,3.11,6.28,2.0,27.38,,136.31,31400000.0,135.05,172.34,93.78,80.48,284.52,-43.83,-22.52,68.52,2.18,0.17,19.11,3.14,25.08,3.2,28.22,8.74,0.79,26.5,11.85,43.5,822.51,970.28,10.75,15.28,distressed,Bharat Seats.xlsx,2018,
Bharat Seats,2019-03-31,28.55,0.43,10.03,6.28,2.0,21.89,,151.74,31400000.0,120.64,139.7,77.81,98.28,272.81,-3.65,-23.87,34.68,7.16,1.08,20.61,3.14,31.39,3.02,21.42,9.95,4.59,37.61,13.86,31.23,747.36,903.57,14.21,9.81,distressed,Bharat Seats.xlsx,2019,
Bharat Seats,2020-03-31,39.8,22.12,1.21,6.28,2.0,20.57,,150.3,31400000.0,69.29,88.6,36.09,107.03,241.71,-2.6,-33.89,27.66,-8.83,-0.86,22.46,1.57,31.67,3.22,12.52,9.18,1.99,28.77,9.34,12.22,459.99,588.57,12.85,-0.3,distressed,Bharat Seats.xlsx,2020,
Bharat Seats,2021-03-31,35.16,30.14,1.15,6.28,2.0,29.7,,126.02,31400000.0,135.21,139.59,82.6,110.34,291.37,-6.56,-12.24,18.75,-0.05,3.26,17.98,1.57,24.49,4.27,4.81,5.24,2.01,25.44,6.05,6.65,449.2,547.66,13.61,1.84,distressed,Bharat Seats.xlsx,2021,
Bharat Seats,2022-03-31,38.93,7.78,1.13,6.28,2.0,52.99,,147.12,31400000.0,182.32,171.15,110.72,120.86,337.22,-1.6,-14.66,15.62,-0.64,-1.45,17.61,2.51,35.61,3.9,11.91,5.49,5.26,25.35,8.08,15.92,697.06,817.63,12.42,4.0,distressed,Bharat Seats.xlsx,2022,
Bharat Seats,2023-03-31,65.73,11.96,1.21,6.28,2.0,28.84,,199.06,31400000.0,146.76,145.71,96.51,140.06,357.78,16.82,-59.07,42.54,0.29,-0.09,17.07,4.4,40.55,3.63,21.55,5.87,4.08,31.52,10.17,29.63,900.85,1051.04,15.74,8.09,distressed,Bharat Seats.xlsx,2023,
Bharat Seats,2024-03-31,159.88,48.83,0.37,6.28,2.0,39.73,,275.64,31400000.0,180.78,178.54,103.31,160.55,505.25,15.72,-72.63,56.74,-0.17,0.65,24.0,5.02,44.89,7.74,25.05,6.84,4.54,33.53,11.56,33.58,888.29,1066.82,21.58,8.53,distressed,Bharat Seats.xlsx,2024,
Bharat Seats,2025-03-31,151.85,89.57,3.12,12.56,2.0,55.45,,282.94,62800000.0,275.2,301.31,196.65,181.99,647.71,-25.28,-68.11,96.14,2.75,0.61,26.24,6.91,53.15,8.91,32.7,7.95,3.59,35.27,12.59,43.9,1081.18,1288.82,23.83,11.2,distressed,Bharat Seats.xlsx,2025,
Bharat Seats,2026-03-31,110.1,11.84,15.47,12.56,2.0,60.25,,355.74,,369.07,396.89,263.45,217.1,736.65,-47.15,-47.2,106.71,12.35,2.17,35.29,9.42,65.58,10.17,42.23,106.79,3.91,,,57.61,1681.59,1950.95,,15.37,distressed,Bharat Seats.xlsx,2026,
Carraro India,2020-03-31,230.77,,119.88,56.85,10.0,170.62,,256.58,56851538.0,605.15,352.14,192.9,221.97,861.73,51.66,-46.13,63.63,69.16,-6.65,31.91,,95.24,18.18,13.48,29.29,9.98,52.93,19.46,14.95,701.96,992.74,32.15,1.48,distressed,Carraro India.xlsx,2020,
Carraro India,2021-03-31,152.36,3.32,58.24,56.85,10.0,185.18,,254.51,56851538.0,626.24,448.45,267.21,226.41,884.07,-97.47,-33.58,69.41,-61.64,-10.45,33.0,,89.78,18.43,4.44,35.44,3.38,51.54,20.08,6.54,767.43,1062.05,32.74,2.1,distressed,Carraro India.xlsx,2021,
Carraro India,2022-03-31,177.58,10.12,98.89,56.85,10.0,233.35,,274.98,56851538.0,702.09,509.31,250.26,243.45,987.19,24.39,-58.91,75.18,40.66,29.15,34.29,5.0,111.24,15.5,17.05,42.06,3.18,62.98,25.36,23.54,1152.5,1500.37,65.23,6.49,distressed,Carraro India.xlsx,2022,
Carraro India,2023-03-31,188.33,21.04,95.09,56.85,10.0,255.3,,289.63,56851538.0,735.03,511.5,295.95,289.02,1045.7,-12.42,-63.77,72.38,-3.81,14.78,37.72,22.0,120.35,19.51,46.8,5.45,19.84,99.43,27.09,63.38,1290.51,1695.12,66.3,16.58,distressed,Carraro India.xlsx,2023,
Carraro India,2024-03-31,213.61,,100.43,56.85,10.0,286.45,,350.8,56851538.0,705.59,457.6,237.36,328.33,1056.39,-17.76,-83.63,106.73,5.34,24.09,41.4,,131.55,22.23,60.58,6.58,17.18,100.52,27.71,81.72,1337.24,1770.45,62.77,21.14,distressed,Carraro India.xlsx,2024,
Carraro India,2025-03-31,189.46,,60.73,56.85,10.0,298.72,23.98,377.3,56851538.0,711.97,452.37,286.91,414.57,1113.25,-58.62,-75.62,94.54,-39.7,-6.43,43.47,25.87,144.18,22.42,86.19,5.69,15.76,93.43,25.85,116.02,1307.24,1792.15,43.18,29.83,distressed,Carraro India.xlsx,2025,
CLN Energy,2022-03-31,,6.0,0.99,1.14,10.0,37.11,,4.53,1135000.0,51.52,59.19,7.62,1.72,62.05,2.03,-9.28,7.93,0.67,3.73,1.34,,4.02,0.03,3.64,0.31,0.01,3.09,0.44,5.02,109.51,121.69,1.67,1.37,distressed,CLN Energy.xlsx,2022,
CLN Energy,2023-03-31,,2.97,1.75,1.14,10.0,31.93,,16.12,1135000.0,90.54,106.04,25.21,2.45,109.63,,-15.36,15.02,-0.33,1.73,5.77,,9.16,0.07,0.73,5.84,-6.64,-19.64,0.8,0.91,116.52,128.82,4.48,0.17,distressed,CLN Energy.xlsx,2023,
CLN Energy,2024-03-31,,,3.79,3.41,10.0,35.49,,17.54,3405000.0,95.73,99.89,24.78,9.97,113.27,,-1.37,4.5,3.13,3.35,6.43,,12.9,0.18,9.79,2.47,0.15,4.21,0.93,12.24,91.33,132.71,5.52,2.46,distressed,CLN Energy.xlsx,2024,
CLN Energy,2025-03-31,15.82,,7.8,10.55,10.0,64.23,,18.33,10553250.0,181.1,89.12,75.21,83.94,199.43,83.42,-12.59,-66.82,4.01,18.97,6.28,,11.36,0.93,12.92,3.86,0.71,1.33,1.03,18.84,184.35,219.18,10.88,5.92,distressed,CLN Energy.xlsx,2025,
Enkei Wheels,2017-03-31,69.44,,7.17,7.44,5.0,13.67,,128.98,14876695.0,106.75,122.98,64.1,35.87,235.73,3.09,-20.09,16.55,-0.45,0.08,21.73,,28.78,4.71,2.73,5.08,0.2,60.57,30.71,7.42,222.22,406.71,25.77,4.69,distressed,Enkei Wheels.xlsx,2017,
Enkei Wheels,2018-03-31,73.23,1.55,9.66,7.71,5.0,23.16,,126.56,15411695.0,146.81,121.07,70.81,72.91,274.92,19.97,-43.57,25.4,1.81,7.91,23.3,,32.99,4.79,10.78,14.38,5.76,65.14,32.85,19.33,265.49,464.73,20.13,8.55,distressed,Enkei Wheels.xlsx,2018,
Enkei Wheels,2019-03-31,85.52,55.37,20.17,8.11,5.0,51.73,,126.23,16222695.0,147.99,114.99,43.64,120.97,329.59,42.43,-71.22,39.3,10.51,22.05,21.34,,37.05,4.52,12.73,9.14,14.7,84.34,37.64,13.67,285.38,474.49,18.16,0.94,distressed,Enkei Wheels.xlsx,2019,
Enkei Wheels,2019-12-31,152.26,101.4,41.23,8.54,5.0,70.55,,139.75,17076195.0,181.53,87.21,21.18,174.67,422.68,103.73,-88.93,6.26,21.07,3.22,17.76,,27.93,5.16,2.73,0.3,31.56,57.68,24.2,5.14,143.67,266.76,19.7,2.42,distressed,Enkei Wheels.xlsx,2019,
Enkei Wheels,2020-12-31,184.08,188.61,29.81,8.99,5.0,57.85,,121.73,17974895.0,141.98,77.54,28.6,181.71,452.32,36.87,-63.83,15.54,-11.42,-3.12,21.77,,32.4,12.54,-31.36,0.39,1.27,35.02,21.87,-32.63,122.63,235.2,19.36,-1.28,distressed,Enkei Wheels.xlsx,2020,
Enkei Wheels,2021-12-31,186.63,217.7,32.66,8.99,5.0,40.5,2.87,109.62,17974895.0,158.1,94.03,70.31,198.64,488.29,11.77,-36.94,28.01,2.84,-4.53,19.15,,34.78,2.98,16.28,,1.6,52.8,33.35,17.48,261.18,450.53,25.88,1.2,distressed,Enkei Wheels.xlsx,2021,
Enkei Wheels,2022-12-31,162.45,100.22,7.48,8.99,5.0,74.54,3.25,231.0,17974895.0,159.3,110.08,57.17,212.25,493.77,-32.89,-41.96,48.83,-26.03,12.12,28.4,,43.2,16.17,3.71,-0.01,7.79,83.34,54.17,9.57,415.91,663.49,32.65,5.86,distressed,Enkei Wheels.xlsx,2022,
Enkei Wheels,2023-12-31,166.65,2.45,11.73,8.99,5.0,62.68,3.91,343.8,17974895.0,183.39,133.65,84.64,224.26,533.55,1.52,-55.82,58.51,4.21,-6.68,41.55,,47.37,11.39,11.7,0.01,7.72,100.64,61.63,16.05,400.96,716.14,37.58,4.36,distressed,Enkei Wheels.xlsx,2023,
Enkei Wheels,2024-12-31,206.33,42.85,6.68,8.99,5.0,79.75,3.43,313.89,17974895.0,203.57,121.97,93.16,226.45,563.74,29.69,-62.81,28.03,-5.09,-7.46,50.87,,51.94,14.6,2.66,0.28,5.85,102.51,74.19,2.23,502.3,844.46,43.93,-0.43,distressed,Enkei Wheels.xlsx,2024,
Enkei Wheels,2025-12-31,210.04,1.22,7.49,8.99,5.0,114.24,3.91,323.31,17974895.0,276.58,155.31,123.59,230.68,605.02,-15.37,-33.52,43.7,-5.19,31.49,57.74,,57.29,22.57,5.13,0.19,-2.31,114.54,79.8,6.73,611.93,971.63,50.02,1.59,distressed,Enkei Wheels.xlsx,2025,
Federal-Mogul Go,2016-03-31,181.23,32.05,62.84,55.63,10.0,206.24,,540.03,55632130.0,542.64,423.33,191.74,454.53,1114.72,-45.54,-114.52,191.76,31.7,-2.41,78.44,31.15,290.08,26.39,47.6,18.37,18.47,157.73,85.6,91.17,451.0,1329.29,146.57,36.19,distressed,Federal-Mogul Go.xlsx,2016,
Federal-Mogul Go,2017-03-31,83.33,47.87,28.8,55.63,10.0,191.46,0.03,533.57,55632130.0,498.58,383.58,192.12,557.51,1080.05,-100.25,-86.32,159.31,-27.26,-9.17,79.32,,279.67,17.19,83.74,28.39,11.33,178.54,85.56,130.05,385.24,1279.08,97.28,46.31,distressed,Federal-Mogul Go.xlsx,2017,
Federal-Mogul Go,2018-03-31,24.53,34.89,15.02,55.63,10.0,190.78,0.03,553.96,55632130.0,500.17,360.65,219.15,648.24,1089.05,-69.07,-72.12,137.87,-3.31,-9.54,77.02,,292.88,7.45,88.32,20.98,10.93,176.68,92.02,154.65,381.38,1325.34,123.67,58.47,distressed,Federal-Mogul Go.xlsx,2018,
Federal-Mogul Go,2019-03-31,23.01,28.29,34.88,55.63,10.0,217.62,0.07,578.45,55632130.0,563.28,352.71,237.78,738.74,1170.09,-8.29,-120.86,133.25,4.09,28.87,85.77,,306.02,5.94,87.41,19.8,13.54,184.18,89.21,148.95,435.26,1341.83,109.11,53.46,distressed,Federal-Mogul Go.xlsx,2019,
Federal-Mogul Go,2020-03-31,1.47,42.35,124.06,55.63,10.0,195.08,0.07,554.95,55632130.0,578.0,356.17,196.17,762.1,1175.37,-32.43,-81.15,191.44,77.86,-21.6,92.77,,293.28,4.1,32.5,20.83,11.42,137.15,73.06,46.65,320.59,1085.41,86.8,7.93,distressed,Federal-Mogul Go.xlsx,2020,
Federal-Mogul Go,2021-03-31,9.61,28.65,213.02,55.63,10.0,186.64,0.07,546.77,55632130.0,743.43,488.59,264.74,765.09,1318.92,-8.42,-20.02,152.39,123.95,-17.58,83.56,,297.62,3.14,0.53,20.21,-33.07,141.81,70.75,7.9,350.72,1107.16,80.8,2.95,distressed,Federal-Mogul Go.xlsx,2021,
Federal-Mogul Go,2022-03-31,8.93,48.47,185.99,55.63,10.0,185.71,1.56,528.28,55632130.0,762.13,455.68,266.17,820.2,1340.44,-7.59,-130.1,110.67,-27.02,-8.23,87.06,,325.25,5.02,54.04,15.88,6.61,174.18,84.54,80.57,476.48,1342.62,92.02,21.75,distressed,Federal-Mogul Go.xlsx,2022,
Federal-Mogul Go,2023-03-31,8.3,85.32,330.04,55.63,10.0,195.73,1.57,507.66,55632130.0,892.7,499.32,272.36,924.0,1487.25,-7.9,-58.43,210.39,144.05,1.85,83.67,,344.42,4.92,100.87,16.69,18.29,207.09,97.82,141.05,651.91,1634.14,106.71,33.67,distressed,Federal-Mogul Go.xlsx,2023,
Federal-Mogul Go,2024-03-31,7.87,55.26,418.17,55.63,10.0,193.32,1.65,533.9,55632130.0,998.92,471.56,283.18,1054.67,1589.73,-9.89,-61.74,159.75,88.13,0.91,84.62,,375.66,5.63,126.88,7.58,28.16,205.01,107.76,180.84,630.53,1695.59,127.03,47.48,distressed,Federal-Mogul Go.xlsx,2024,
Federal-Mogul Go,2025-03-31,3.03,24.08,610.17,55.63,10.0,186.39,1.78,515.69,55632130.0,1219.1,489.68,333.61,1212.31,1760.65,-11.78,-16.92,220.69,191.99,2.08,87.49,,395.5,6.69,162.03,5.56,35.54,202.95,111.96,234.87,661.73,1800.19,131.06,64.99,distressed,Federal-Mogul Go.xlsx,2025,
Fiem Industries,2016-03-31,140.03,11.59,4.52,11.96,10.0,66.13,0.03,415.94,11962226.0,231.21,245.6,118.6,261.18,658.77,-12.73,-108.1,121.91,1.08,6.69,33.12,9.57,127.35,15.78,57.33,-0.72,1.04,67.3,37.88,79.37,578.94,986.53,55.24,22.03,healthy,Fiem Industries.xlsx,2016,
Fiem Industries,2017-03-31,225.23,5.63,23.06,13.16,10.0,102.42,86.38,479.22,13159830.0,298.27,234.15,119.45,396.96,869.5,173.2,-197.56,45.57,21.22,20.43,39.23,10.53,145.89,23.25,33.05,1.9,-9.48,71.59,41.56,45.65,607.32,1014.63,49.19,12.6,healthy,Fiem Industries.xlsx,2017,
Fiem Industries,2018-03-31,158.67,6.92,2.2,13.16,10.0,140.27,19.45,553.79,13159830.0,355.22,327.37,144.34,436.18,935.38,-101.53,-44.31,124.68,-21.16,22.87,44.33,11.84,177.09,22.72,52.56,2.04,7.9,78.19,47.33,81.63,762.58,1239.72,54.58,29.03,healthy,Fiem Industries.xlsx,2018,
Fiem Industries,2019-03-31,171.44,11.49,4.46,13.16,10.0,147.24,25.36,564.34,13159830.0,361.63,314.23,146.8,463.99,962.82,-38.09,-80.49,121.02,2.44,4.92,48.93,15.79,196.47,22.1,55.65,2.45,0.99,77.8,53.13,87.0,905.48,1449.02,61.57,30.36,healthy,Fiem Industries.xlsx,2019,
Fiem Industries,2020-03-31,126.54,0.25,47.54,13.16,10.0,129.09,21.24,590.62,13159830.0,308.38,268.63,76.98,512.16,920.49,-118.08,-46.5,207.33,42.74,-23.95,53.2,17.11,198.49,17.67,74.56,1.94,0.83,72.94,49.67,86.86,816.23,1379.44,59.32,8.17,healthy,Fiem Industries.xlsx,2020,
Fiem Industries,2021-03-31,77.26,2.66,110.55,13.16,10.0,116.95,21.01,547.31,13159830.0,351.21,275.58,80.87,556.19,922.19,-57.13,-15.38,135.94,63.43,-12.49,57.23,21.06,165.88,11.64,46.69,14.75,0.01,61.28,39.2,64.95,742.08,1221.16,51.67,18.04,healthy,Fiem Industries.xlsx,2021,
Fiem Industries,2022-03-31,45.67,0.71,68.4,13.16,10.0,184.74,76.76,507.94,13159830.0,463.1,360.61,174.6,629.07,1048.51,-60.61,-73.71,92.25,-42.07,-1.49,59.0,26.32,207.58,8.59,94.16,2.81,2.6,76.71,45.34,128.97,984.59,1572.26,59.78,33.66,healthy,Fiem Industries.xlsx,2022,
Fiem Industries,2023-03-31,23.83,5.35,183.12,13.16,10.0,175.7,0.25,493.62,13159830.0,553.81,268.03,140.8,748.01,1053.03,-54.95,38.77,130.89,114.71,-3.89,63.39,39.48,241.07,7.43,139.83,9.9,10.8,73.89,53.61,188.62,1127.54,1848.06,89.52,48.74,healthy,Fiem Industries.xlsx,2023,
Fiem Industries,2024-03-31,23.11,5.31,206.12,26.32,10.0,204.36,0.14,495.84,26319660.0,717.17,308.43,193.73,860.6,1218.46,-43.13,-68.74,134.88,23.01,6.63,58.65,52.64,290.83,2.94,165.71,3.04,15.97,75.73,61.56,223.06,1249.29,2028.78,86.28,57.24,healthy,Fiem Industries.xlsx,2024,
Fiem Industries,2025-03-31,22.09,20.27,298.44,26.32,10.0,233.48,0.05,553.36,26319660.0,850.08,363.48,242.35,1011.87,1423.76,-55.21,-85.56,233.06,92.29,5.83,64.26,78.96,334.98,1.54,204.92,1.19,19.87,85.63,65.2,276.26,1508.31,2422.61,110.94,71.29,healthy,Fiem Industries.xlsx,2025,
Frontier Springs,2016-03-31,12.78,0.85,1.72,3.96,10.0,15.01,,22.65,3987911.0,28.98,15.69,10.19,20.05,52.48,1.5,-2.53,1.29,0.25,0.47,1.49,,2.77,1.72,0.51,-1.92,0.3,5.81,3.68,1.0,19.98,38.92,5.16,0.49,healthy,Frontier Springs.xlsx,2016,
Frontier Springs,2017-03-31,13.83,0.98,1.91,3.96,10.0,16.01,0.16,26.75,3987911.0,27.53,15.44,7.45,22.19,55.42,-0.41,-5.72,6.32,0.19,1.82,1.66,,3.06,1.89,2.14,-2.19,0.33,6.88,4.66,2.32,23.89,46.53,6.51,0.18,healthy,Frontier Springs.xlsx,2017,
Frontier Springs,2018-03-31,12.33,0.34,1.26,3.96,10.0,14.98,1.68,28.93,3987911.0,28.52,17.43,10.16,25.75,59.47,-2.91,-4.43,6.68,-0.66,-2.61,1.94,,4.05,1.35,3.56,-0.75,0.5,8.29,4.71,5.49,23.96,58.72,7.57,1.93,healthy,Frontier Springs.xlsx,2018,
Frontier Springs,2019-03-31,8.86,0.4,1.26,3.96,10.0,18.4,3.01,29.81,3987911.0,34.57,21.17,11.45,33.8,67.79,-4.86,-3.93,8.8,0.01,1.26,2.22,0.4,5.53,1.16,8.4,-0.01,0.51,12.41,6.3,10.3,37.36,83.22,9.72,1.9,healthy,Frontier Springs.xlsx,2019,
Frontier Springs,2020-03-31,8.87,1.41,2.59,3.96,10.0,16.25,4.66,33.15,3987911.0,38.72,17.75,15.75,47.36,77.94,-1.2,-7.51,10.05,1.33,1.35,2.39,0.44,8.52,1.33,14.02,0.01,0.88,14.82,6.96,17.55,41.73,99.88,8.8,3.52,healthy,Frontier Springs.xlsx,2020,
Frontier Springs,2021-03-31,3.7,0.01,2.96,3.96,10.0,17.24,8.17,34.32,3987911.0,40.89,20.14,17.52,55.59,83.39,-5.67,-4.97,11.0,0.36,-1.38,2.67,,3.36,0.49,7.8,21.44,0.97,4.5,5.0,10.54,28.06,76.96,0.49,2.74,healthy,Frontier Springs.xlsx,2021,
Frontier Springs,2022-03-31,3.37,1.0,1.88,3.96,10.0,20.61,13.33,36.51,3987911.0,41.55,21.59,16.88,63.47,92.39,-1.01,-10.22,10.15,-1.08,3.26,2.85,0.4,3.49,0.28,7.51,22.39,0.98,4.07,5.95,10.08,38.22,83.66,0.57,2.56,healthy,Frontier Springs.xlsx,2022,
Frontier Springs,2023-03-31,4.62,0.8,2.0,3.96,10.0,30.28,15.48,42.02,3987911.0,51.62,30.62,16.22,70.72,109.92,0.52,-10.02,9.62,0.12,3.76,3.2,0.4,3.85,0.33,7.24,24.09,0.64,6.33,7.52,9.77,56.05,107.36,0.62,2.54,healthy,Frontier Springs.xlsx,2023,
Frontier Springs,2024-03-31,3.72,1.59,2.28,3.96,10.0,30.91,17.98,45.14,3987911.0,58.66,30.34,22.17,85.35,123.37,-1.69,-9.6,11.57,0.28,-0.9,3.71,0.59,10.54,0.58,12.99,0.24,0.61,17.94,7.97,17.47,65.74,135.4,10.92,4.48,healthy,Frontier Springs.xlsx,2024,
Frontier Springs,2025-03-31,5.94,1.02,5.2,3.96,10.0,39.68,24.8,56.31,3987911.0,87.22,39.45,38.44,120.0,169.35,1.28,-20.46,22.11,2.92,1.18,4.01,0.71,11.68,0.59,34.66,0.27,0.98,24.64,9.6,46.4,116.45,231.32,19.84,11.74,healthy,Frontier Springs.xlsx,2025,
G S Auto Intl,2016-03-31,42.18,3.33,2.48,7.26,5.0,15.89,0.13,60.21,14514580.0,63.5,41.64,30.4,36.09,127.17,-13.46,-1.21,13.62,-1.05,-2.84,4.98,,29.98,5.76,-0.43,-9.65,0.33,19.15,13.67,-2.59,70.88,153.91,19.22,-2.17,healthy,G S Auto Intl.xlsx,2016,
G S Auto Intl,2017-03-31,44.67,4.33,2.62,7.26,5.0,15.77,0.14,56.43,14514580.0,64.44,43.55,27.13,29.86,125.34,-8.8,-1.67,10.57,0.11,1.56,4.33,,27.2,5.42,-5.85,-2.48,0.21,13.64,10.31,-9.44,56.07,115.67,12.39,-3.59,healthy,G S Auto Intl.xlsx,2017,
G S Auto Intl,2018-03-31,30.11,0.04,2.76,7.26,5.0,18.56,,59.36,14514580.0,64.12,60.09,29.34,26.06,123.52,-12.83,-3.26,16.06,-0.03,1.32,4.71,,27.8,4.69,-3.74,-1.67,1.78,14.0,11.0,-4.3,64.97,128.61,10.51,-0.56,healthy,G S Auto Intl.xlsx,2018,
G S Auto Intl,2019-03-31,28.78,,1.97,7.26,5.0,21.63,,55.09,14514580.0,61.12,54.8,24.59,25.37,116.21,-6.72,-0.8,6.66,-0.86,5.14,4.29,,27.28,4.67,-0.74,-1.62,-0.23,17.37,11.18,-0.89,84.28,151.91,10.26,-0.14,healthy,G S Auto Intl.xlsx,2019,
G S Auto Intl,2020-03-31,28.56,,1.19,7.26,5.0,24.63,,51.02,14514580.0,60.07,52.15,20.69,23.12,111.09,-4.56,0.07,3.99,-0.5,4.94,4.2,,19.03,4.55,-2.65,-1.35,0.9,9.88,6.98,-3.48,41.09,82.07,7.01,-0.83,healthy,G S Auto Intl.xlsx,2020,
G S Auto Intl,2021-03-31,34.74,,1.82,7.26,5.0,28.97,,47.42,14514580.0,61.85,47.48,17.67,19.79,109.27,1.85,-0.3,-0.96,0.58,2.4,4.02,,16.73,4.29,-3.79,-1.57,0.34,10.1,6.71,-3.76,35.28,75.39,6.33,0.03,healthy,G S Auto Intl.xlsx,2021,
G S Auto Intl,2022-03-31,36.94,,1.15,7.26,5.0,28.0,,44.23,14514580.0,57.68,40.82,18.24,16.89,101.91,-1.25,-0.42,0.94,-0.72,-1.24,3.72,,18.26,3.34,-3.13,-2.75,0.27,14.07,7.79,0.33,43.68,97.23,7.82,3.45,healthy,G S Auto Intl.xlsx,2022,
G S Auto Intl,2023-03-31,36.87,0.19,0.98,7.26,5.0,29.0,,41.64,14514580.0,58.29,42.07,15.82,13.92,100.12,-5.02,-1.37,6.36,-0.03,-0.72,3.84,,21.86,4.92,-2.79,-0.61,0.14,19.11,10.99,-4.81,66.44,128.53,6.21,-2.01,healthy,G S Auto Intl.xlsx,2023,
G S Auto Intl,2024-03-31,34.02,0.17,0.94,7.26,5.0,30.92,,39.24,14514580.0,58.9,42.45,14.89,14.58,98.31,-7.62,-1.3,8.91,-0.01,0.56,3.86,,26.07,4.76,0.69,-1.1,0.36,20.38,12.06,1.01,75.63,149.39,7.64,0.32,healthy,G S Auto Intl.xlsx,2024,
G S Auto Intl,2025-03-31,28.14,0.28,0.95,7.26,5.0,31.38,,36.53,14514580.0,60.51,46.11,16.94,15.81,97.32,-10.12,-1.2,11.35,0.03,-0.74,3.94,,25.09,4.15,1.42,-1.17,0.2,16.82,11.12,2.39,72.43,143.53,8.22,0.98,healthy,G S Auto Intl.xlsx,2025,
Him Teknoforg,2016-03-31,11.9,,1.69,0.35,2.0,3.4,,4.95,1750000.0,39.08,5.06,3.97,26.72,44.03,3.83,-9.51,5.75,0.07,0.12,0.29,0.12,2.21,1.38,4.1,,2.96,1.84,0.45,6.17,13.65,25.54,2.63,2.07,healthy,Him Teknoforg.xlsx,2016,
Him Teknoforg,2017-03-31,117.56,14.66,5.86,1.57,2.0,109.38,0.01,115.13,7866016.0,172.45,60.66,39.79,122.46,302.25,17.47,-20.82,3.34,-0.02,5.77,6.57,,26.06,15.9,7.15,-0.99,0.03,20.52,18.92,10.21,127.03,232.73,14.31,3.06,healthy,Him Teknoforg.xlsx,2017,
Him Teknoforg,2018-03-31,114.85,9.44,5.64,1.57,2.0,116.74,0.01,128.41,7866016.0,179.62,68.04,37.97,133.02,317.48,-9.35,-8.56,17.86,-0.05,-0.84,7.35,0.31,33.03,15.79,10.52,-2.03,3.36,22.96,22.31,10.93,142.57,266.55,16.16,0.41,healthy,Him Teknoforg.xlsx,2018,
Him Teknoforg,2019-03-31,125.09,7.57,3.82,1.57,2.0,122.3,0.01,141.8,7866016.0,177.81,55.36,33.41,145.17,327.19,-6.08,-19.38,24.75,-0.7,8.35,8.35,0.78,38.64,17.01,18.3,-1.02,11.87,31.73,26.62,20.94,183.68,322.64,16.91,2.64,healthy,Him Teknoforg.xlsx,2019,
Him Teknoforg,2020-03-31,129.69,0.84,3.38,1.57,2.0,124.8,,153.85,7866016.0,172.16,48.27,27.16,147.32,326.85,-10.96,-13.9,24.89,0.03,-1.22,8.82,0.16,32.03,16.08,3.25,-0.43,4.4,21.0,19.79,4.62,112.07,222.47,11.67,1.39,healthy,Him Teknoforg.xlsx,2020,
Him Teknoforg,2021-03-31,151.09,0.03,2.32,1.57,2.0,138.98,0.01,153.34,7866016.0,197.14,45.35,45.47,152.51,350.52,4.76,-8.1,3.35,0.01,7.06,9.48,0.31,29.16,16.6,5.14,0.22,2.34,23.4,20.46,7.16,131.02,238.58,10.48,2.03,healthy,Him Teknoforg.xlsx,2021,
Him Teknoforg,2022-03-31,150.61,0.51,2.19,1.57,2.0,146.78,0.01,152.04,7866016.0,219.36,58.54,60.2,161.2,371.92,-10.95,-8.67,19.46,-0.16,7.77,9.46,0.31,37.75,17.26,8.83,,5.49,38.8,25.96,12.29,208.55,351.14,14.33,3.47,healthy,Him Teknoforg.xlsx,2022,
Him Teknoforg,2023-03-31,147.73,0.29,2.33,1.57,2.0,153.48,0.01,150.77,7866016.0,228.62,58.79,53.74,171.6,379.69,-12.86,-16.29,29.15,-0.01,6.15,9.36,0.31,42.18,18.02,10.68,-0.92,4.57,42.12,26.61,15.55,245.27,405.16,17.69,4.87,healthy,Him Teknoforg.xlsx,2023,
Him Teknoforg,2024-03-31,149.48,0.46,2.49,1.57,2.0,162.2,0.01,177.51,7866016.0,235.65,84.14,53.09,178.44,413.63,-9.93,-31.96,41.87,-0.02,3.61,9.71,0.31,44.49,18.16,7.11,0.03,2.3,33.03,26.84,9.71,218.54,372.75,18.15,2.6,healthy,Him Teknoforg.xlsx,2024,
Him Teknoforg,2025-03-31,150.31,2.08,2.32,1.89,2.0,166.97,0.01,186.49,9471416.0,264.67,82.55,76.71,218.5,453.25,18.77,-22.79,4.01,-0.01,-1.62,10.53,0.47,49.77,19.62,9.76,-0.38,3.75,37.67,29.93,12.91,224.42,402.22,19.88,3.15,healthy,Him Teknoforg.xlsx,2025,
Hind.Composites,2017-03-31,4.67,0.42,4.33,4.92,10.0,9.03,536.21,123.88,4923000.0,115.87,83.66,26.64,683.13,776.38,-1.14,-7.72,9.67,0.8,0.94,7.71,0.25,24.19,0.2,23.21,9.24,1.09,14.85,8.56,30.33,57.32,166.17,15.8,7.11,healthy,Hind.Composites.xlsx,2017,
Hind.Composites,2018-03-31,4.93,0.12,1.88,7.38,5.0,11.09,605.15,122.42,14769000.0,97.73,87.91,34.52,725.2,825.42,-0.93,-51.72,50.4,-2.26,0.52,8.64,0.74,28.23,0.31,23.01,11.42,0.39,19.4,8.54,25.92,76.79,199.18,20.84,2.92,healthy,Hind.Composites.xlsx,2018,
Hind.Composites,2019-03-31,3.54,,1.23,7.38,5.0,12.3,608.1,125.36,14769000.0,113.3,89.42,34.13,746.42,846.76,-2.51,-1.66,3.43,-0.74,1.08,8.75,2.95,31.92,0.22,17.55,9.53,2.11,19.72,9.9,16.78,84.42,196.61,18.56,-0.77,healthy,Hind.Composites.xlsx,2019,
Hind.Composites,2020-03-31,5.86,0.16,7.09,7.38,5.0,12.57,615.53,122.43,14769000.0,113.08,84.3,33.95,753.66,851.2,-1.47,4.72,2.56,5.82,1.35,9.5,2.95,33.55,0.22,10.47,9.94,0.49,18.81,10.13,8.76,71.32,178.05,17.66,-1.72,healthy,Hind.Composites.xlsx,2020,
Hind.Composites,2021-03-31,0.42,0.16,2.19,7.38,5.0,11.86,686.58,116.09,14769000.0,119.33,104.74,41.38,809.62,922.16,-8.59,0.18,9.18,0.77,-1.86,8.87,2.95,32.59,0.2,19.72,8.1,6.18,18.96,9.74,23.52,71.1,184.59,15.83,3.8,healthy,Hind.Composites.xlsx,2021,
Hind.Composites,2022-03-31,0.3,,2.81,7.38,5.0,13.51,795.95,113.37,14769000.0,93.06,84.82,37.06,909.88,1002.38,-3.07,-12.71,22.42,6.64,0.83,8.56,2.95,36.06,0.08,21.6,10.0,0.14,23.59,11.08,24.72,103.28,232.64,16.24,3.11,healthy,Hind.Composites.xlsx,2022,
Hind.Composites,2023-03-31,1.01,0.29,1.53,7.38,5.0,13.5,807.08,111.06,14769000.0,81.52,78.1,39.34,913.46,999.95,-2.38,-21.01,15.7,-7.69,-0.68,8.73,2.95,38.79,0.13,27.47,9.13,0.55,28.96,13.39,32.6,129.27,282.69,21.56,5.13,healthy,Hind.Composites.xlsx,2023,
Hind.Composites,2024-03-31,0.12,,1.63,7.38,5.0,14.27,872.17,137.5,14769000.0,71.33,94.22,36.99,979.28,1081.0,-3.94,-34.86,40.27,1.47,-0.78,9.53,2.95,39.1,0.09,34.41,9.35,0.21,34.31,12.77,42.6,127.09,297.68,22.27,8.19,healthy,Hind.Composites.xlsx,2024,
Hind.Composites,2025-03-31,0.03,4.29,3.57,7.38,5.0,11.51,962.19,133.87,14769000.0,95.72,111.52,50.99,1077.14,1196.07,-3.12,-17.91,29.86,8.83,0.3,10.33,2.95,41.94,0.08,35.0,10.46,-3.7,36.22,14.14,44.7,139.12,325.08,24.69,9.71,healthy,Hind.Composites.xlsx,2025,
Hind.Composites,2026-03-31,1.68,,2.11,7.38,5.0,20.9,1006.11,150.85,,107.47,117.43,63.15,1137.94,1264.43,-4.1,-29.51,21.13,-12.48,8.79,11.98,7.38,46.8,0.28,31.11,94.18,-2.5,,,40.69,187.37,375.01,,9.58,healthy,Hind.Composites.xlsx,2026,
Indag Rubber,2017-03-31,14.93,0.19,6.8,5.25,2.0,41.42,89.72,49.06,26250000.0,87.33,35.03,29.42,171.09,226.3,8.77,-15.08,8.08,1.78,7.4,3.17,6.3,19.36,1.0,21.87,1.58,6.23,3.77,4.67,31.98,115.29,185.0,17.81,10.04,healthy,Indag Rubber.xlsx,2017,
Indag Rubber,2018-03-31,12.77,0.21,5.99,5.25,2.0,32.79,103.97,46.25,26250000.0,77.98,28.83,28.9,181.56,228.41,-9.71,-7.52,16.51,-0.71,-6.58,3.8,6.3,16.08,2.12,15.77,1.84,7.1,3.2,3.89,21.7,100.83,168.14,15.2,5.89,healthy,Indag Rubber.xlsx,2018,
Indag Rubber,2019-03-31,11.82,0.93,6.5,5.25,2.0,38.1,96.05,43.57,26250000.0,89.08,26.99,34.46,185.57,229.63,-10.47,9.82,0.11,-0.55,3.42,3.89,6.3,17.75,1.83,10.75,2.0,5.08,3.51,3.95,14.14,118.68,173.04,15.79,3.14,healthy,Indag Rubber.xlsx,2019,
Indag Rubber,2020-03-31,10.87,10.11,4.83,5.25,2.0,36.95,79.26,41.43,26250000.0,94.95,27.63,37.64,182.0,225.75,-14.68,2.59,10.46,-1.63,5.46,3.74,6.3,20.6,0.38,13.45,2.19,5.14,4.46,4.48,17.16,126.53,186.77,17.83,3.43,healthy,Indag Rubber.xlsx,2020,
Indag Rubber,2021-03-31,,19.34,3.64,5.25,2.0,35.99,90.96,25.49,26250000.0,100.79,38.87,29.46,192.46,236.58,-4.72,-9.0,15.01,1.29,-6.74,3.29,6.3,20.95,0.43,2.54,1.65,-8.7,4.14,3.91,3.58,100.86,169.84,15.59,0.76,healthy,Indag Rubber.xlsx,2021,
Indag Rubber,2022-03-31,,0.98,2.43,5.25,2.0,39.22,112.4,45.11,26250000.0,75.32,27.26,22.6,201.3,233.81,-6.54,-2.62,8.09,-1.08,1.52,4.18,6.3,20.66,0.29,2.07,1.74,6.72,4.49,3.76,2.51,121.68,166.93,15.86,0.45,healthy,Indag Rubber.xlsx,2022,
Indag Rubber,2024-03-31,10.05,0.23,6.07,5.25,2.0,40.63,121.92,63.86,26250000.0,85.44,35.17,25.67,220.98,271.45,-3.68,-11.2,17.63,2.75,-1.88,5.3,7.88,25.0,0.88,16.15,3.39,9.84,6.92,5.76,20.45,167.46,251.18,23.98,4.87,healthy,Indag Rubber.xlsx,2024,
Indag Rubber,2025-03-31,9.39,0.41,3.18,5.25,2.0,45.83,127.61,60.04,26250000.0,86.37,37.44,25.11,222.35,274.43,-7.18,1.29,3.28,-2.61,1.94,6.62,6.3,28.39,1.15,6.53,1.55,11.81,5.5,5.33,5.95,166.34,228.42,21.34,1.24,healthy,Indag Rubber.xlsx,2025,
India Nipp.Elec,2016-03-31,,2.06,17.61,11.31,10.0,24.92,153.68,49.79,11310712.0,120.8,69.77,60.69,245.25,326.33,-17.23,-13.76,33.02,2.03,2.5,4.18,10.18,40.28,0.13,28.92,2.82,8.77,9.52,5.59,39.67,235.7,335.87,9.25,10.74,healthy,India Nipp.Elec.xlsx,2016,
India Nipp.Elec,2017-03-31,,3.22,10.08,11.31,10.0,22.42,189.18,57.01,11310712.0,112.36,86.36,66.39,264.1,361.77,-6.66,-36.49,41.73,-1.41,-0.76,4.17,11.31,44.73,0.06,29.57,5.35,13.67,11.28,5.49,44.25,233.66,351.09,15.01,14.68,healthy,India Nipp.Elec.xlsx,2017,
India Nipp.Elec,2018-03-31,,6.94,14.36,11.31,5.0,31.27,226.06,63.82,22621424.0,148.29,102.72,93.35,331.08,445.11,-8.24,-16.99,26.66,1.43,2.23,5.97,14.7,53.63,0.07,49.8,-1.57,12.68,14.77,5.88,70.54,299.36,452.39,18.65,20.74,healthy,India Nipp.Elec.xlsx,2018,
India Nipp.Elec,2019-03-31,,6.85,13.83,11.31,5.0,35.34,260.84,66.21,22621424.0,175.78,109.27,103.98,389.1,509.68,-17.81,-16.68,36.31,1.82,0.49,7.73,15.83,60.27,0.08,58.54,-1.09,14.67,16.1,6.51,82.95,342.29,525.21,25.53,24.4,healthy,India Nipp.Elec.xlsx,2019,
India Nipp.Elec,2020-03-31,5.11,13.24,28.42,11.31,5.0,38.68,261.81,81.11,22621424.0,173.3,104.56,88.13,408.48,529.46,-37.51,-6.58,51.69,7.59,-0.29,9.41,15.27,62.79,0.56,54.34,-1.01,26.29,16.9,5.98,71.24,314.31,478.81,24.63,16.91,healthy,India Nipp.Elec.xlsx,2020,
India Nipp.Elec,2021-03-31,4.58,33.87,32.67,11.31,5.0,43.77,260.6,91.46,22621424.0,207.06,137.43,109.4,439.67,592.99,-14.68,-33.54,38.25,-9.97,1.33,10.35,13.57,67.88,0.56,39.63,2.64,16.17,15.64,5.99,50.6,326.26,481.23,18.81,10.98,healthy,India Nipp.Elec.xlsx,2021,
India Nipp.Elec,2022-03-31,3.91,5.09,36.59,11.31,5.0,49.6,278.28,130.13,22621424.0,227.61,132.01,118.06,493.88,641.11,-15.27,28.08,7.05,19.86,1.77,12.85,14.14,69.36,0.49,50.25,2.72,25.29,19.26,6.46,61.54,397.21,566.27,23.44,11.29,healthy,India Nipp.Elec.xlsx,2022,
India Nipp.Elec,2023-03-31,3.65,12.8,22.82,11.31,5.0,56.06,355.02,134.44,22621424.0,215.49,153.77,119.47,549.02,717.75,-21.91,-45.67,56.86,-10.72,3.2,14.62,20.92,81.55,0.42,48.23,0.18,22.56,20.83,8.21,60.42,457.69,656.25,38.09,12.19,healthy,India Nipp.Elec.xlsx,2023,
India Nipp.Elec,2024-03-31,2.94,13.06,18.91,11.31,5.0,69.17,431.86,143.18,22621424.0,248.93,210.84,141.75,611.94,837.03,-24.6,-38.6,62.69,-0.51,0.35,15.09,23.19,89.77,0.39,59.3,-5.74,24.87,20.61,8.62,75.78,499.88,724.08,44.9,16.48,healthy,India Nipp.Elec.xlsx,2024,
India Nipp.Elec,2025-03-31,2.11,3.85,23.65,11.31,5.0,72.21,472.47,154.47,22621424.0,308.09,225.59,169.65,699.87,938.88,-29.75,-12.15,49.56,7.66,4.28,20.56,28.28,100.19,0.39,82.28,-4.41,30.11,25.72,9.93,102.93,577.97,844.83,45.94,20.65,healthy,India Nipp.Elec.xlsx,2025,
Menon Bearings,2006-03-31,23.57,4.36,7.78,4.67,10.0,4.62,0.27,16.7,4670000.0,30.17,13.19,6.94,10.07,51.5,5.15,-7.11,2.41,0.45,0.27,1.76,1.03,2.77,1.27,1.41,0.09,0.73,3.54,1.41,2.98,9.0,24.99,3.17,1.66,healthy,Menon Bearings.xlsx,2006,
Menon Bearings,2007-03-31,26.38,1.15,4.5,4.67,10.0,6.74,0.38,20.81,4670000.0,34.11,15.62,10.72,9.78,56.45,3.32,-3.89,-2.71,-3.28,1.01,2.09,1.17,4.09,2.02,1.08,0.16,0.68,3.28,2.2,2.86,14.5,32.57,3.06,1.67,healthy,Menon Bearings.xlsx,2007,
Menon Bearings,2008-03-31,26.88,1.31,5.8,4.67,10.0,7.39,0.26,22.84,4670000.0,38.25,20.75,12.6,10.36,62.66,-3.48,-3.83,8.61,1.3,0.76,1.75,1.17,5.49,2.68,1.95,0.4,0.96,3.24,2.96,3.78,17.56,38.76,2.62,1.75,healthy,Menon Bearings.xlsx,2008,
Menon Bearings,2023-03-31,14.65,8.3,13.17,5.6,1.0,21.64,1.29,76.45,56040000.0,87.49,25.56,49.71,127.72,173.53,-22.76,-22.95,50.09,4.38,0.8,7.92,11.2,17.42,2.91,32.6,1.13,0.39,34.38,16.74,42.5,88.33,219.36,9.22,9.91,healthy,Menon Bearings.xlsx,2023,
Menon Bearings,2024-03-31,34.49,14.12,26.0,5.6,1.0,22.84,3.69,80.25,56040000.0,108.89,27.56,54.94,139.3,206.95,3.98,-19.48,28.33,12.84,1.16,8.71,12.6,19.14,3.27,24.36,0.9,1.8,38.36,17.5,33.14,82.8,212.62,11.76,8.78,healthy,Menon Bearings.xlsx,2024,
Menon Bearings,2025-03-31,42.84,9.1,20.0,5.6,1.0,27.11,5.3,102.46,56040000.0,113.72,29.19,60.63,152.95,230.58,-6.63,-26.42,27.05,-6.01,3.0,8.81,11.2,21.39,3.76,24.93,1.04,1.25,42.26,20.9,33.84,101.18,242.52,13.59,8.91,healthy,Menon Bearings.xlsx,2025,
Menon Bearings,2026-03-31,46.63,0.09,12.6,5.6,1.0,30.99,6.37,119.4,,141.66,35.55,90.77,179.74,267.52,-12.49,-18.23,23.32,-7.4,2.82,9.98,,46.0,5.08,38.25,67.67,6.43,,,50.15,124.18,293.81,,11.9,healthy,Menon Bearings.xlsx,2026,
MRF,2017-03-31,2332.84,847.93,342.61,4.24,10.0,2425.27,3382.1,5502.24,4241143.0,5315.89,4074.56,1969.0,8636.52,15048.16,-437.62,-1392.7,1955.72,125.4,227.71,610.58,25.44,1000.55,256.58,1486.22,177.57,327.49,639.8,580.94,2109.37,7722.8,13411.98,868.99,623.15,healthy,MRF.xlsx,2017,
MRF,2018-03-31,2162.9,1078.91,232.9,4.24,10.0,2197.33,4145.0,6092.17,4241143.0,5162.14,4577.13,2149.93,9733.95,16478.22,-452.58,-2013.88,2412.98,-53.48,-77.61,706.72,25.44,1092.55,258.74,1131.61,166.98,329.68,697.33,638.23,1652.65,9031.34,14953.71,961.24,521.04,healthy,MRF.xlsx,2018,
MRF,2019-03-31,2506.31,1403.47,104.5,4.24,10.0,2993.2,3854.68,6786.0,4241143.0,6397.05,5097.54,2382.71,10833.11,18441.2,42.19,-1386.15,1252.85,-91.11,613.83,807.6,25.44,1165.48,273.4,1130.6,204.63,415.83,827.7,763.53,1652.18,10323.17,16061.72,1073.69,521.57,healthy,MRF.xlsx,2019,
MRF,2020-03-31,1854.14,1740.94,1181.14,4.24,10.0,2905.18,1519.33,8869.76,4241143.0,7312.31,5373.49,2299.4,12210.47,19442.34,-1032.35,-162.31,2271.23,1076.57,-17.4,982.32,42.4,1345.13,300.83,1422.56,267.2,335.38,838.44,721.56,1434.25,9599.63,16237.38,1066.0,11.68,healthy,MRF.xlsx,2020,
MRF,2021-03-31,2388.23,1002.23,169.39,4.24,10.0,2938.81,5874.02,9440.75,4241143.0,6264.86,6779.96,2145.96,13409.43,22581.86,-249.68,-5086.57,4324.58,-1011.67,-354.25,1140.77,63.6,1415.26,281.64,1277.06,225.13,205.03,723.67,655.2,1736.84,8968.25,16162.49,866.51,459.77,healthy,MRF.xlsx,2021,
MRF,2022-03-31,3228.95,1233.07,256.13,4.24,10.0,4129.67,3656.46,9521.82,4241143.0,8648.39,5799.04,2332.68,14027.51,23059.74,423.74,168.73,-578.01,14.46,856.15,1205.05,63.6,1502.19,262.8,669.23,212.2,314.79,915.29,931.94,907.93,13436.89,19316.65,1113.3,238.69,healthy,MRF.xlsx,2022,
MRF,2023-03-31,3013.61,3045.86,258.49,4.24,10.0,4141.05,3085.11,10117.97,4241143.0,8120.47,6648.14,2503.27,14703.42,24369.41,-839.54,-1921.81,2755.47,-5.88,346.91,1253.04,74.2,1595.65,326.45,768.93,233.65,245.02,958.08,1136.03,1069.72,15786.49,23008.33,1241.15,300.78,healthy,MRF.xlsx,2023,
MRF,2024-03-31,2821.5,2384.53,345.38,4.24,10.0,4468.58,3382.97,12046.22,4241143.0,9035.71,7324.94,2911.96,16698.75,26849.43,-868.22,-2380.58,3303.36,54.56,184.32,1429.97,84.8,1798.47,361.03,2081.22,250.31,306.16,1066.43,1148.65,2787.42,15265.35,25168.73,1551.58,706.19,healthy,MRF.xlsx,2024,
MRF,2025-03-31,3771.16,1168.63,376.49,4.24,10.0,5624.78,4548.24,13220.78,4241143.0,10629.34,7307.37,3370.25,18484.22,29566.99,282.0,-2082.23,1867.8,67.57,590.31,1653.55,99.64,1885.45,367.77,1869.28,237.97,405.67,1212.72,1215.59,2479.0,18516.43,28152.5,1580.0,609.71,healthy,MRF.xlsx,2025,
MRF,2026-03-31,3206.66,1033.8,2182.72,4.24,10.0,5416.82,3397.81,12966.42,,14555.48,7772.29,3541.58,20970.32,31953.51,-1120.33,-3536.15,4590.3,-66.18,-605.16,1753.63,99.64,2045.93,366.2,2426.1,4679.56,441.39,,,3222.14,18917.78,31149.01,,796.04,healthy,MRF.xlsx,2026,
Saint-Gob. Sekur,2017-03-31,2.12,1.61,0.54,91.11,10.0,11.09,23.24,43.57,91105700.0,36.44,16.11,15.68,-4.48,104.86,0.65,-7.52,7.16,0.29,-1.15,7.74,,11.2,0.29,6.77,2.66,2.58,11.47,11.44,10.37,55.95,123.47,13.78,3.6,healthy,Saint-Gob. Sekur.xlsx,2017,
Saint-Gob. Sekur,2018-03-31,4.47,0.17,0.92,91.11,10.0,9.32,43.33,38.17,91105700.0,37.75,14.4,24.32,9.44,119.42,2.22,-18.34,16.51,0.38,-1.36,8.62,,10.93,0.14,13.77,2.24,2.96,10.92,13.67,20.97,65.45,146.43,15.09,7.2,healthy,Saint-Gob. Sekur.xlsx,2018,
Saint-Gob. Sekur,2019-03-31,3.41,0.3,16.72,91.11,10.0,12.85,51.32,32.32,91105700.0,56.67,20.88,21.88,25.21,140.61,-1.36,-21.43,23.59,0.79,1.52,8.5,,11.98,0.3,16.08,2.72,5.67,13.96,15.28,22.64,74.65,159.76,16.92,6.56,healthy,Saint-Gob. Sekur.xlsx,2019,
Saint-Gob. Sekur,2020-03-31,2.02,0.07,0.4,91.11,10.0,11.04,96.69,25.31,91105700.0,35.41,26.23,17.76,38.12,157.48,-1.47,-26.92,27.06,-1.32,-0.8,7.58,,12.38,0.16,13.41,2.83,6.67,11.35,12.88,17.86,60.54,134.98,15.27,4.45,healthy,Saint-Gob. Sekur.xlsx,2020,
Saint-Gob. Sekur,2021-03-31,6.29,0.12,0.99,91.11,10.0,10.8,103.3,22.09,91105700.0,45.62,23.55,26.57,50.18,171.13,3.16,-4.97,2.4,0.59,0.65,5.37,9.11,13.6,0.5,11.42,3.72,4.88,7.58,9.32,15.11,45.89,104.89,9.33,3.69,healthy,Saint-Gob. Sekur.xlsx,2021,
Saint-Gob. Sekur,2022-03-31,6.33,0.67,1.57,91.11,10.0,17.06,132.63,20.03,91105700.0,51.67,18.77,28.69,88.79,205.0,-9.04,-2.04,11.57,0.49,3.09,4.44,27.33,11.57,0.49,47.69,1.99,31.81,11.21,12.04,60.81,70.09,151.29,13.55,13.12,healthy,Saint-Gob. Sekur.xlsx,2022,
Saint-Gob. Sekur,2023-03-31,5.94,,2.96,91.11,10.0,14.44,143.09,18.41,91105700.0,45.56,20.26,25.04,89.75,207.06,-27.54,-5.4,34.09,1.15,-1.97,3.96,13.67,11.96,0.4,28.87,1.52,7.48,14.07,16.04,38.82,85.85,186.32,19.21,9.96,healthy,Saint-Gob. Sekur.xlsx,2023,
Saint-Gob. Sekur,2024-03-31,1.27,1.4,5.11,91.11,10.0,20.14,159.71,16.82,91105700.0,48.07,26.1,19.28,107.52,226.0,-18.27,-9.38,29.68,2.03,-0.34,3.69,18.22,11.81,0.49,31.23,1.85,9.85,13.17,16.6,42.68,98.02,200.7,21.9,11.45,healthy,Saint-Gob. Sekur.xlsx,2024,
Saint-Gob. Sekur,2025-03-31,0.16,0.57,9.11,91.11,10.0,21.1,143.81,17.88,91105700.0,90.56,36.91,27.77,124.64,252.82,-19.18,-8.5,28.01,0.33,0.83,3.52,18.22,14.9,0.29,35.98,2.29,12.14,14.6,18.25,47.34,96.33,208.41,23.86,11.36,healthy,Saint-Gob. Sekur.xlsx,2025,
Saint-Gob. Sekur,2026-03-31,1.29,2.01,3.46,91.11,10.0,27.43,199.8,17.62,,72.05,46.98,34.79,152.1,291.48,-18.5,-17.18,33.39,-2.28,-1.74,3.29,22.78,15.75,0.38,45.8,45.89,11.52,,20.94,59.62,106.9,242.99,,13.83,healthy,Saint-Gob. Sekur.xlsx,2026,
